indicator_id,statistic_type,dimension,categoria,pct,es,ci_low,ci_high,cv,n_unw,target_unw,base_unw,local_critical,cell_critical
VP_ESCUELA,prevalence,Departamento,Amazonas,38.7607061953096,3.4269133033955503,32.03661307551376,45.48479931510543,0.0884120450780187,907.0,364,907,2.000995378088267,2.001717484145236
VP_ESCUELA,prevalence,Departamento,Apurímac,50.92960580832767,2.471641051264745,46.07989321975802,55.77931839689732,0.0485305356685207,698.0,355,698,2.016692199227824,2.016692199227824
VP_ESCUELA,prevalence,Departamento,Arequipa,42.21950528080137,1.6923484787167913,38.89887596964805,45.5401345919547,0.0400845170368767,760.0,322,760,2.0226909200367604,2.0226909200367604
VP_ESCUELA,prevalence,Departamento,Ayacucho,44.7071161320931,2.984288227831504,38.85151659872687,50.56271566545932,0.0667519734221735,650.0,295,650,2.0210753903062733,2.0226909200367604
VP_ESCUELA,prevalence,Departamento,Cajamarca,33.60439748786892,2.316858646123794,29.05839007457828,38.150404901159554,0.068945103002075,783.0,258,783,2.004044783289145,2.0057459953178687
VP_ESCUELA,prevalence,Departamento,Callao,35.71673118026904,2.248085559620314,31.305666380591347,40.12779597994673,0.0629420858329337,610.0,218,610,2.0422724563012378,2.0422724563012378
VP_ESCUELA,prevalence,Departamento,Cusco,35.82781091918243,2.546438501208622,30.83133505590503,40.82428678245984,0.0710743535783606,716.0,251,716,2.016692199227824,2.0180817028184443
VP_ESCUELA,prevalence,Departamento,Huancavelica,30.724107988942407,2.764973442989379,25.298835372328128,36.149380605556686,0.0899936116610608,771.0,229,771,2.0057459953178687,2.00957523712924
VP_ESCUELA,prevalence,Departamento,Huánuco,35.84962759536246,3.29513323660085,29.38410577924756,42.31514941147737,0.0919154104972379,687.0,258,687,2.016692199227824,2.016692199227824
VP_ESCUELA,prevalence,Departamento,Ica,38.42711908431893,2.1626227461921186,34.18374452506883,42.670493643569024,0.0562785552944203,716.0,263,716,2.026192463029109,2.026192463029109
VP_ESCUELA,prevalence,Departamento,Junín,48.46338632407278,1.8156806074994245,44.90076176962709,52.02601087851848,0.0374649966751815,696.0,335,696,2.0226909200367604,2.0226909200367604
VP_ESCUELA,prevalence,Departamento,La Libertad,40.15537705184624,2.431207726401833,35.38500041882931,44.92575368486318,0.0605450105290457,687.0,282,687,2.0226909200367604,2.0243941639119694
VP_ESCUELA,prevalence,Departamento,Lambayeque,35.928018009604926,2.3159511245708204,31.383791283156988,40.47224473605287,0.0644608651652222,651.0,235,651,2.0301079282503425,2.0301079282503425
VP_ESCUELA,prevalence,Departamento,Lima Metropolitana,41.96643307618137,2.266966356996828,37.51832145667024,46.41454469569248,0.054018561760577,796.0,336,796,2.0210753903062733,2.0210753903062733
VP_ESCUELA,prevalence,Departamento,Loreto,43.60001655917815,2.503704551117772,38.68739080658282,48.51264231177348,0.0574243945003897,674.0,291,674,2.019540970441376,2.019540970441376
VP_ESCUELA,prevalence,Departamento,Madre de Dios,39.115914669592016,2.0248305605606207,35.142908049457375,43.08892128972666,0.0517648782513242,644.0,263,644,2.0301079282503425,2.0301079282503425
VP_ESCUELA,prevalence,Departamento,Moquegua,37.8396040239907,1.916176544381118,34.07979209480633,41.59941595317508,0.0506394449362166,670.0,264,670,2.0301079282503425,2.0301079282503425
VP_ESCUELA,prevalence,Departamento,Pasco,45.76291943678914,2.169340592842625,41.50636350338588,50.0194753701924,0.0474038942344809,990.0,465,990,1.999623584994939,1.999623584994939
VP_ESCUELA,prevalence,Departamento,Piura,38.530236089576015,2.9274968317622188,32.786069382711325,44.274402796440704,0.0759792082497575,658.0,243,658,2.026192463029109,2.026192463029109
VP_ESCUELA,prevalence,Departamento,Puno,46.62326777538927,2.8555160913008937,41.02033755712037,52.22619799365816,0.0612465883999709,979.0,460,979,2.000995378088267,2.000995378088267
VP_ESCUELA,prevalence,Departamento,Región Lima,39.73044680258668,2.494559598603619,34.83576475233723,44.62512885283613,0.0627871015646672,679.0,267,679,2.026192463029109,2.026192463029109
VP_ESCUELA,prevalence,Departamento,San Martín,32.1046773642645,1.9413140473514383,28.295542065678248,35.913812662850745,0.0604682621577223,649.0,213,649,2.0226909200367604,2.0226909200367604
VP_ESCUELA,prevalence,Departamento,Tacna,39.76266662628623,2.947272834362044,33.97969657914247,45.54563667343,0.0741216091481567,659.0,259,659,2.0345152974493383,2.0345152974493383
VP_ESCUELA,prevalence,Departamento,Tumbes,40.45062559995591,2.97446708093257,34.614296558850505,46.2869546410613,0.0735332775900457,677.0,271,677,2.0301079282503425,2.0301079282503425
VP_ESCUELA,prevalence,Departamento,Ucayali,33.262313458871446,3.2730040532417,26.840212259620262,39.68441465812263,0.0983997717804187,695.0,233,695,2.0226909200367604,2.026192463029109
VP_ESCUELA,prevalence,Departamento,Áncash,43.874263805347546,2.88279152712632,38.21781528820851,49.53071232248658,0.0657057526917398,705.0,292,705,2.016692199227824,2.016692199227824
VP_ESCUELA,prevalence,Discapacidad,0,39.45798047060087,0.7631963635060501,37.96048025318382,40.95548068801793,0.0193420026672345,16778.0,6567,16778,1.962142757779508,1.9621981601875311
VP_ESCUELA,prevalence,Discapacidad,1,46.00241347971516,2.1594946950832257,41.76517660329434,50.23965035613598,0.0469430738897092,2029.0,955,2029,1.9640483976635408,1.9653578272030217
VP_ESCUELA,prevalence,Etnicidad,1,39.29575986750219,1.2630864327635052,36.81740397100573,41.77411576399865,0.0321430718485249,5249.0,2144,5249,1.9628366422266053,1.9635757879604208
VP_ESCUELA,prevalence,Etnicidad,3,34.71369431087683,4.413092738813406,26.054576354004773,43.37281226774889,0.1271282940758815,433.0,172,433,1.978524491479245,1.991672609644664
VP_ESCUELA,prevalence,Etnicidad,5,39.96285339729462,2.08601724741832,35.869789762669626,44.05591703191962,0.0521989064864807,1806.0,733,1806,1.96362596651301,1.965641841541636
VP_ESCUELA,prevalence,Etnicidad,6,41.19781960280231,0.9748168981290553,39.28508968597729,43.11054951962732,0.023661856562495,8715.0,3445,8715,1.962322551204167,1.9625685559767296
VP_ESCUELA,prevalence,Etnicidad,9,39.16480437729177,1.9588180940090432,35.32132364032447,43.008285114259074,0.0500147549605734,2604.0,1028,2604,1.9629115987173988,1.96444156598154
VP_ESCUELA,prevalence,Lengua materna,1,40.41314552696596,0.76543660294914,38.91124963994995,41.91504141398196,0.0189402876952103,17498.0,7017,17498,1.9621649940614452,1.9622172591365907
VP_ESCUELA,prevalence,Lengua materna,3,36.47976746938579,2.2895321061194545,31.98737862865984,40.97215631011174,0.0627616968238861,958.0,358,958,1.967404973747932,1.972461989767209
VP_ESCUELA,prevalence,Lengua materna,4,34.854330789496395,4.638920058667673,25.75210739246353,43.95655418652926,0.1330945094509071,275.0,113,275,2.00957523712924,2.0301079282503425
VP_ESCUELA,prevalence,Nacional,Total,40.2076414157143,0.730201953593713,38.78361285976112,41.6483834929711,0.0181607756108849,18807.0,7522,18807,1.962142757779508,1.962167038069028
VP_ESCUELA,prevalence,Sexo,1,44.85221539635554,1.0590259271542233,42.77425534308915,46.93017544962193,0.0236114519159353,9608.0,4343,9608,1.962202376365632,1.962274314570696
VP_ESCUELA,prevalence,Sexo,2,35.32824066430395,0.9679469702364922,33.4289905267398,37.22749080186809,0.0273986746023986,9199.0,3179,9199,1.9622476264013184,1.9624278869109144
VP_ESCUELA,prevalence,Tipo de hogar,1,39.34597288682959,0.7755691511365953,37.82419549376972,40.86775027988946,0.0197115255827415,13464.0,5331,13464,1.962142757779508,1.9621939598625375
VP_ESCUELA,prevalence,Tipo de hogar,2,43.08234682426602,1.6659992912198935,39.81341838053312,46.35127526799893,0.038670114653121,4397.0,1806,4397,1.962322551204167,1.9629599928183288
VP_ESCUELA,prevalence,Tipo de hogar,3,39.38504082980744,3.070395936441631,33.36048567960287,45.40959598001202,0.0779584296918613,929.0,378,929,1.9642398045825584,1.9688886224492936
VP_ESCUELA,prevalence,Área,1,41.13594389536034,0.8655938265183608,39.436708624040016,42.83517916668066,0.0210422745791422,15576.0,6295,15576,1.9630738928941311,1.96308617190014
VP_ESCUELA,prevalence,Área,2,36.71517264688632,1.1614856585568445,34.42926032689444,39.00108496687821,0.0316350319179377,3231.0,1227,3231,1.967850227366019,1.9680934526838216
VP_ESCUELA,prevalence,Área y sexo,Rural Hombre,30.645482488345426,1.558189684549329,27.588091883560224,33.702873093130634,0.0508456567829177,1613.0,517,1613,1.9678765312856947,1.9697743954267464
VP_ESCUELA,prevalence,Área y sexo,Rural Mujer,42.985674693085976,1.578877753471588,39.887691143692514,46.08365824247943,0.0367303238752128,1618.0,710,1618,1.967850227366019,1.9686916197952944
VP_ESCUELA,prevalence,Área y sexo,Urbano Hombre,36.63978456414843,1.1460099947458569,34.39114935261491,38.888419775681946,0.0312777492656769,7586.0,2662,7586,1.9632873744486168,1.9633733475126152
VP_ESCUELA,prevalence,Área y sexo,Urbano Mujer,45.3235225828491,1.2670017049642963,42.83748436335912,47.809560802339085,0.0279546167809062,7990.0,3633,7990,1.9631967955598617,1.9632145141769743
VP_HOGAR,prevalence,Conductas de riesgo inducidas por adultos,0,28.117759611964928,0.6514891863365356,26.83944482322303,29.396074400706823,0.0231700247575666,18548.0,5104,18548,1.962142757779508,1.9622498268425952
VP_HOGAR,prevalence,Conductas de riesgo inducidas por adultos,1,53.343593557460586,6.132129297035952,41.31148046751395,65.37570664740723,0.1149553093087092,259.0,165,259,1.9725281820013163,1.9799304050824225
VP_HOGAR,prevalence,Conductas de riesgo personales,0,23.487776247613613,0.5779214398388599,22.35381187986829,24.621740615358934,0.0246052003283017,15165.0,3494,15165,1.962142757779508,1.9623296070709264
VP_HOGAR,prevalence,Conductas de riesgo personales,1,48.05898031558458,1.649627068818838,44.82217650946466,51.2957841217045,0.0343250534652708,3642.0,1775,3642,1.9623558437740083,1.962926321861701
VP_HOGAR,prevalence,Departamento,Amazonas,26.277285577916302,2.736773001094374,20.907346254132488,31.64722490170012,0.10414976055953,907.0,232,907,2.000995378088267,2.004044783289145
VP_HOGAR,prevalence,Departamento,Apurímac,35.66676875928745,3.011948290501949,29.75689623427268,41.57664128430222,0.0844469066101664,698.0,253,698,2.016692199227824,2.016692199227824
VP_HOGAR,prevalence,Departamento,Arequipa,33.159124067596494,1.8597256470749,29.510076857731672,36.80817127746132,0.0560848846092483,760.0,247,760,2.0226909200367604,2.0226909200367604
VP_HOGAR,prevalence,Departamento,Ayacucho,26.037764260332185,3.08413128919951,19.98625838718819,32.089270133476184,0.118448391281355,650.0,177,650,2.0210753903062733,2.026192463029109
VP_HOGAR,prevalence,Departamento,Cajamarca,18.84714808864128,2.192662790154889,14.544830674686256,23.1494655025963,0.1163392349782805,783.0,157,783,2.004044783289145,2.011740513729765
VP_HOGAR,prevalence,Departamento,Callao,30.41485815382782,2.2159427294076,26.06686217566654,34.762854131989094,0.0728572435945658,610.0,175,610,2.0422724563012378,2.0422724563012378
VP_HOGAR,prevalence,Departamento,Cusco,25.510563858767743,2.2547042117928338,21.08651231866348,29.934615398872005,0.0883831586112869,716.0,192,716,2.016692199227824,2.0210753903062733
VP_HOGAR,prevalence,Departamento,Huancavelica,19.39091339120214,2.6060750091639946,14.277422185740846,24.50440459666344,0.1343967123460206,771.0,137,771,2.0057459953178687,2.0226909200367604
VP_HOGAR,prevalence,Departamento,Huánuco,20.58855701325496,2.1522903317040645,16.36545612626297,24.81165790024694,0.1045381825602646,687.0,158,687,2.016692199227824,2.019540970441376
VP_HOGAR,prevalence,Departamento,Ica,26.5475318167237,1.969647405369148,22.682802424899428,30.41226120854797,0.0741932402216149,716.0,184,716,2.026192463029109,2.026192463029109
VP_HOGAR,prevalence,Departamento,Junín,31.576815612980585,2.028369733904994,27.596864629499752,35.55676659646142,0.0642360445323426,696.0,223,696,2.0226909200367604,2.0226909200367604
VP_HOGAR,prevalence,Departamento,La Libertad,29.305318288941105,2.0608772967627345,25.2615828264259,33.34905375145632,0.0703243444225086,687.0,210,687,2.0226909200367604,2.0243941639119694
VP_HOGAR,prevalence,Departamento,Lambayeque,20.767013502181804,1.893271551376972,17.052144439137503,24.4818825652261,0.09116725191025,651.0,150,651,2.0301079282503425,2.032244509317718
VP_HOGAR,prevalence,Departamento,Lima Metropolitana,32.77116978634055,1.9777644578110407,28.890513578852904,36.65182599382821,0.060350743373079,796.0,263,796,2.0210753903062733,2.0210753903062733
VP_HOGAR,prevalence,Departamento,Loreto,29.56836254540337,2.442143827555812,24.77652772070881,34.360197370097936,0.0825931373036232,674.0,214,674,2.019540970441376,2.0210753903062733
VP_HOGAR,prevalence,Departamento,Madre de Dios,25.75952905605047,2.86844525313014,20.13122997653416,31.387828135566785,0.1113547241833752,644.0,166,644,2.0301079282503425,2.032244509317718
VP_HOGAR,prevalence,Departamento,Moquegua,29.37314526814606,2.0663095940229312,25.31875086290365,33.42753967338847,0.0703468959540998,670.0,209,670,2.0301079282503425,2.0301079282503425
VP_HOGAR,prevalence,Departamento,Pasco,28.709461424807227,1.5369191069021593,25.693806729906203,31.725116119708247,0.053533540185959,990.0,306,990,1.999623584994939,1.999623584994939
VP_HOGAR,prevalence,Departamento,Piura,27.36686303852921,2.2351386257807717,22.98120197132023,31.75252410573819,0.0816731761559214,658.0,193,658,2.026192463029109,2.0280940009804507
VP_HOGAR,prevalence,Departamento,Puno,34.09287592798489,2.1010240022080904,29.97036689813137,38.21538495783842,0.0616264819267851,979.0,333,979,2.000995378088267,2.000995378088267
VP_HOGAR,prevalence,Departamento,Región Lima,32.61365553495151,1.9672530753716144,28.753624160391634,36.47368690951139,0.0603199194663518,679.0,221,679,2.026192463029109,2.026192463029109
VP_HOGAR,prevalence,Departamento,San Martín,16.80086949182714,2.0541099244086363,12.77041257996572,20.83132640368856,0.1222621201484761,649.0,118,649,2.0226909200367604,2.0280940009804507
VP_HOGAR,prevalence,Departamento,Tacna,25.358636154388464,2.0776065678392346,21.28207547378757,29.43519683498936,0.0819289552951645,659.0,179,659,2.0345152974493383,2.0345152974493383
VP_HOGAR,prevalence,Departamento,Tumbes,31.585982655111,3.126301624686666,25.451732563597744,37.72023274662424,0.0989775008370934,677.0,206,677,2.0301079282503425,2.032244509317718
VP_HOGAR,prevalence,Departamento,Ucayali,21.30103235178031,2.224555337949434,16.936137206143083,25.66592749741754,0.104434156110913,695.0,160,695,2.0226909200367604,2.026192463029109
VP_HOGAR,prevalence,Departamento,Áncash,28.31065120293789,2.583884366303671,23.24070120665545,33.38060119922034,0.09126898381043,705.0,206,705,2.016692199227824,2.0226909200367604
VP_HOGAR,prevalence,Desempeño escolar: expulsión de colegio,0,28.420416092119083,0.6682771038934668,27.10916101252465,29.731671171713515,0.0235139802924552,18493.0,5162,18493,1.962142757779508,1.9622498268425952
VP_HOGAR,prevalence,Desempeño escolar: expulsión de colegio,1,32.17318230888706,4.155749353333875,24.01900881209612,40.32735580567799,0.1291681162725998,314.0,107,314,1.971896223633908,1.9954689314298435
VP_HOGAR,prevalence,Desempeño escolar: repitencia de año,0,28.68971597545995,0.7037087305751544,27.3089389861757,30.0704929647442,0.0245282571349635,17802.0,5007,17802,1.962142757779508,1.9622586711772017
VP_HOGAR,prevalence,Desempeño escolar: repitencia de año,1,25.414381786372903,2.122217237677806,21.250288603028565,29.57847496971724,0.0835045784515494,1005.0,262,1005,1.9646355489631269,1.9730840773359009
VP_HOGAR,prevalence,Discapacidad,0,27.468312468624905,0.7389335749349196,26.018419306086237,28.91820563116358,0.0269013094917625,16778.0,4550,16778,1.962142757779508,1.9622833497895968
VP_HOGAR,prevalence,Discapacidad,1,36.31078321642326,1.7209820532763147,32.93397074431863,39.687595688527885,0.0473958945754141,2029.0,719,2029,1.9640483976635408,1.966431267062808
VP_HOGAR,prevalence,Etnicidad,1,27.626203007349535,1.1165701568683213,25.435332960497632,29.817073054201444,0.0404170691343748,5249.0,1446,5249,1.9628366422266053,1.9642016147577697
VP_HOGAR,prevalence,Etnicidad,3,22.62983077824405,2.944903797863475,16.85150911890887,28.40815243757924,0.1301337083216131,433.0,120,433,1.978524491479245,1.9954689314298435
VP_HOGAR,prevalence,Etnicidad,5,30.72278347357481,2.0150558874124846,26.768956157567448,34.67661078958217,0.0655883243504179,1806.0,514,1806,1.96362596651301,1.9676960046166052
VP_HOGAR,prevalence,Etnicidad,6,29.359857644194,1.0379748484745044,27.323202812502466,31.39651247588553,0.0353535381899158,8715.0,2477,8715,1.962322551204167,1.9628297018559573
VP_HOGAR,prevalence,Etnicidad,9,25.98386166802353,1.5933822295126416,22.857418266010733,29.11030507003633,0.0613219947777624,2604.0,712,2604,1.9629115987173988,1.9657668396636967
VP_HOGAR,prevalence,Exposición a discusiones entre cuidadores,0,16.313130744498203,0.6153362608192172,15.105753156732654,17.520508332263752,0.0377203046096315,10229.0,1610,10229,1.9621507915239005,1.9629790317490072
VP_HOGAR,prevalence,Exposición a discusiones entre cuidadores,1,42.820039440940825,0.9720237084845108,40.91279016094797,44.727288720933686,0.0227002058189405,8531.0,3651,8531,1.9621649940614452,1.9624101027053704
VP_HOGAR,prevalence,Lengua materna,1,28.77388032968797,0.687757458529611,27.42440201332525,30.123358646050686,0.0239021449540125,17498.0,4943,17498,1.9621649940614452,1.962343846216334
VP_HOGAR,prevalence,Lengua materna,3,23.448896397776046,2.188864903705185,19.15403097921318,27.74376181633892,0.0933461799896383,958.0,228,958,1.967404973747932,1.9763456545938063
VP_HOGAR,prevalence,Lengua materna,4,23.998866836557617,3.6231669794520047,16.88969598760001,31.10803768551522,0.1509724189949174,275.0,80,275,2.00957523712924,2.0369333434601016
VP_HOGAR,prevalence,Nacional,Total,28.481212282665403,0.6543195160476389,27.21487246877439,29.782365615315253,0.0229737242064615,18807.0,5269,18807,1.962142757779508,1.9622454301924284
VP_HOGAR,prevalence,Normas sobre castigo físico,0,26.96270031504435,0.826261820280591,25.341456668351075,28.583943961737628,0.0306446242633777,9805.0,2517,9805,1.9621467672596704,1.9626210668528932
VP_HOGAR,prevalence,Normas sobre castigo físico,1,30.70774982608639,0.8697105599802165,29.001253549456845,32.414246102715936,0.0283221846245924,8548.0,2605,8548,1.9621447606766775,1.962515333482994
VP_HOGAR,prevalence,Participación en decisiones del hogar,0,51.59317628624851,1.751934147107438,48.15563138739503,55.030721185102,0.0339567026729926,2565.0,1281,2565,1.962477488101132,1.9633155462838376
VP_HOGAR,prevalence,Participación en decisiones del hogar,1,30.164282694301605,0.821500689235089,28.5523810664081,31.776184322195107,0.0272342192771678,8969.0,2682,8969,1.9621447606766775,1.962523591959987
VP_HOGAR,prevalence,Sexo,1,34.29388975052434,0.9769593050393944,32.403356409541736,36.23559647194767,0.0284878534382194,9608.0,3276,9608,1.962202376365632,1.962390089689365
VP_HOGAR,prevalence,Sexo,2,22.374649458476902,0.7756265032775471,20.889655986744405,23.93327096125165,0.0346654147461377,9199.0,1993,9199,1.9622476264013184,1.9628576665180693
VP_HOGAR,prevalence,Te piden o te han ordenado no ir al colegio para ayudar a tu mamá o papá u otra persona en la casa u otro lugar,0,27.070701739253806,0.6863165616522089,25.724050668263796,28.417352810243816,0.0253527436511561,17420.0,4632,17420,1.962142757779508,1.9622901727171849
VP_HOGAR,prevalence,Te piden o te han ordenado no ir al colegio para ayudar a tu mamá o papá u otra persona en la casa u otro lugar,1,46.443763956563465,2.2969135230471616,41.93689172207066,50.95063619105626,0.0494558004643066,1387.0,637,1387,1.9633345943574572,1.9655091229752475
VP_HOGAR,prevalence,Tipo de hogar,1,28.7730395567004,0.7444302293785545,27.312361173453127,30.233717939947667,0.0258724917786865,13464.0,3846,13464,1.962142757779508,1.9623039397119733
VP_HOGAR,prevalence,Tipo de hogar,2,29.93973413381183,1.2289279668431037,27.52818107067012,32.351287196953535,0.0410467227715038,4397.0,1257,4397,1.962322551204167,1.963620322372364
VP_HOGAR,prevalence,Tipo de hogar,3,16.187033258322554,2.136474258301516,11.990485478700716,20.38358103794439,0.1319867713994501,929.0,161,929,1.9642398045825584,1.9799304050824225
VP_HOGAR,prevalence,Área,1,30.26548481391908,0.761435592788438,28.7714394800137,31.75953014782446,0.0251585460292462,15576.0,4494,15576,1.9630738928941311,1.9631278115521544
VP_HOGAR,prevalence,Área,2,21.76840452106468,0.9999998050866088,19.806262145733072,23.73054689639629,0.0459381303815324,3231.0,775,3231,1.967850227366019,1.9689223241414533
VP_HOGAR,prevalence,Área y sexo,Rural Hombre,16.058064096941475,1.205481894486797,13.692736528039887,18.423391665843067,0.0750701882374726,1613.0,290,1613,1.9678765312856947,1.974534575858472
VP_HOGAR,prevalence,Área y sexo,Rural Mujer,27.66766797252376,1.504927630651905,24.714785121057847,30.620550823989667,0.0543930060222791,1618.0,485,1618,1.967850227366019,1.9698151341354369
VP_HOGAR,prevalence,Área y sexo,Urbano Hombre,24.1437946262333,0.9132159867725248,22.35193449149912,25.935654760967477,0.0378240455118962,7586.0,1703,7586,1.9632873744486168,1.9637187026107812
VP_HOGAR,prevalence,Área y sexo,Urbano Mujer,35.967030838635324,1.1501235391953322,33.710324265651465,38.22373741161918,0.0319771610938727,7990.0,2791,7990,1.9631967955598617,1.963296712290151
justifica_castigo_docente,prevalence,Departamento,Amazonas,6.644032065991182,1.602778443176066,3.49915195138815,9.788912180594217,0.2412358079034884,905.0,63,905,2.000995378088267,2.0345152974493383
justifica_castigo_docente,prevalence,Departamento,Apurímac,10.77536792487436,1.892511041768376,7.06199109025079,14.48874475949793,0.1756330786069601,685.0,65,685,2.016692199227824,2.039513446396408
justifica_castigo_docente,prevalence,Departamento,Arequipa,5.138602118199352,1.0252481314907629,3.1269189220677798,7.150285314330926,0.1995188784630062,757.0,40,757,2.0226909200367604,2.068657610419048
justifica_castigo_docente,prevalence,Departamento,Ayacucho,7.547611321623969,2.174054902730245,3.2818052392167854,11.813417404031153,0.2880454239212822,641.0,40,641,2.0210753903062733,2.0595385527532977
justifica_castigo_docente,prevalence,Departamento,Cajamarca,6.609559854316151,1.1426813695377025,4.367455880628178,8.851663828004124,0.1728831260664827,774.0,54,774,2.004044783289145,2.039513446396408
justifica_castigo_docente,prevalence,Departamento,Callao,2.068527332022459,0.6928208913473546,0.7091138376269035,3.427940826418014,0.334934366407411,610.0,11,610,2.0422724563012378,2.262157162798205
justifica_castigo_docente,prevalence,Departamento,Cusco,5.63822730610259,1.0506523032344566,3.576697498366741,7.699757113838437,0.1863444388092109,715.0,36,715,2.016692199227824,2.073873067904026
justifica_castigo_docente,prevalence,Departamento,Huancavelica,8.822153180626941,2.0633844410871505,4.773498343032872,12.87080801822101,0.2338867166371869,755.0,60,755,2.0057459953178687,2.0369333434601016
justifica_castigo_docente,prevalence,Departamento,Huánuco,5.474381735077754,1.1283577199973929,3.260382806600272,7.688380663555237,0.206116009917121,677.0,45,677,2.016692199227824,2.068657610419048
justifica_castigo_docente,prevalence,Departamento,Ica,2.9259428580768865,0.7550571160458917,1.4444130061175586,4.407472710036214,0.2580560020034577,714.0,23,714,2.026192463029109,2.144786687917804
justifica_castigo_docente,prevalence,Departamento,Junín,9.67344373687727,1.3526141782892245,7.019421622877188,12.327465850877353,0.1398275748617594,683.0,65,683,2.0226909200367604,2.0452296421327034
justifica_castigo_docente,prevalence,Departamento,La Libertad,4.407825356379521,1.1902030218974613,2.072477116676133,6.743173596082911,0.2700204580870837,675.0,35,675,2.0226909200367604,2.093024054408309
justifica_castigo_docente,prevalence,Departamento,Lambayeque,2.5717875730563806,0.5665454578827298,1.4601445059189069,3.6834306401938544,0.2202924782039568,642.0,23,642,2.0301079282503425,2.1009220402410382
justifica_castigo_docente,prevalence,Departamento,Lima Metropolitana,0.8507707012907676,0.3307640762303438,0.2017643645817695,1.499777037999766,0.388781696088637,795.0,12,795,2.0210753903062733,2.262157162798205
justifica_castigo_docente,prevalence,Departamento,Loreto,4.850626753807222,1.06106613761587,2.768663516359168,6.932589991255276,0.2187482549101612,671.0,32,671,2.019540970441376,2.1009220402410382
justifica_castigo_docente,prevalence,Departamento,Madre de Dios,9.6513653962108,1.289031459462095,7.1221016534773005,12.1806291389443,0.1335594920039167,631.0,54,631,2.0301079282503425,2.0595385527532977
justifica_castigo_docente,prevalence,Departamento,Moquegua,5.457801398215232,1.1151966591709992,3.2696263499229543,7.64597644650751,0.2043307511218129,663.0,32,663,2.0301079282503425,2.063898561628025
justifica_castigo_docente,prevalence,Departamento,Pasco,12.942956999934548,1.6707719614926977,9.66466389579059,16.221250104078507,0.1290873454575447,970.0,132,970,1.999623584994939,2.0128955989194286
justifica_castigo_docente,prevalence,Departamento,Piura,3.284376993989693,0.7612922513649016,1.790612916420395,4.778141071558991,0.2317919814802145,656.0,22,656,2.026192463029109,2.119905299221254
justifica_castigo_docente,prevalence,Departamento,Puno,11.469784182320351,1.424952027810536,8.673824880768684,14.26574348387202,0.1242352955522015,969.0,107,969,2.000995378088267,2.0085591121007607
justifica_castigo_docente,prevalence,Departamento,Región Lima,5.353115976159756,0.7845078054136151,3.8137996673459367,6.892432284973577,0.1465516175826269,678.0,33,678,2.026192463029109,2.073873067904026
justifica_castigo_docente,prevalence,Departamento,San Martín,6.145134579820589,1.4262419875606325,3.3466441930874438,8.943624966553736,0.2320928808042919,644.0,31,644,2.0226909200367604,2.07961384472768
justifica_castigo_docente,prevalence,Departamento,Tacna,3.122466387260431,0.7290390467039153,1.691987701631867,4.552945072888995,0.2334817917266852,656.0,24,656,2.0345152974493383,2.119905299221254
justifica_castigo_docente,prevalence,Departamento,Tumbes,5.347066714306283,0.9553623214763096,3.4725094541661243,7.221623974446442,0.1786703575102589,676.0,35,676,2.0301079282503425,2.0595385527532977
justifica_castigo_docente,prevalence,Departamento,Ucayali,6.364869413139377,1.8481623887280911,2.7385109668960768,9.991227859382676,0.2903692548527107,687.0,38,687,2.0226909200367604,2.068657610419048
justifica_castigo_docente,prevalence,Departamento,Áncash,7.030117390022837,1.1795230714391454,4.715724737764678,9.344510042280998,0.1677814190006454,698.0,49,698,2.016692199227824,2.0555294386428726
justifica_castigo_docente,prevalence,Discapacidad,0,4.394358534355675,0.2553026651257689,3.892915331496781,4.895801737214568,0.0580978231816496,16624.0,1020,16624,1.962142757779508,1.9641126841032743
justifica_castigo_docente,prevalence,Discapacidad,1,5.513169685533824,0.756294322355323,4.011319048021178,7.015020323046469,0.1371795837047764,2003.0,141,2003,1.9640483976635408,1.9858018143458231
justifica_castigo_docente,prevalence,Etnicidad,1,6.598969237039368,0.5275643467840853,5.563812674734297,7.634125799344438,0.0799464776745614,5188.0,398,5188,1.9628366422266053,1.969384804220603
justifica_castigo_docente,prevalence,Etnicidad,3,7.161684817933218,1.9560881321942027,3.3235606557699198,10.999808980096518,0.2731323957871002,430.0,31,430,1.978524491479245,2.144786687917804
justifica_castigo_docente,prevalence,Etnicidad,5,3.9324289810208977,0.5755845463731722,2.803049931864974,5.06180803017682,0.1463687072674723,1796.0,96,1796,1.96362596651301,2.0002978220142595
justifica_castigo_docente,prevalence,Etnicidad,6,3.35030345489382,0.2905138543754859,2.78027379949635,3.920333110291291,0.0867126988007995,8658.0,449,8658,1.962322551204167,1.9674756580274877
justifica_castigo_docente,prevalence,Etnicidad,9,5.437610811555411,0.7409468683485071,3.983767279925981,6.89145434318484,0.1362633138020706,2555.0,187,2555,1.9629115987173988,1.97838040544701
justifica_castigo_docente,prevalence,Lengua materna,1,4.277075742880621,0.2558617753047695,3.77503841347376,4.7791130722874815,0.059821661033397,17333.0,1049,17333,1.9621649940614452,1.964041377496348
justifica_castigo_docente,prevalence,Lengua materna,3,9.825128381244843,1.2696730396995128,7.333848621650551,12.316408140839137,0.1292271195278412,947.0,91,947,1.967404973747932,2.000995378088267
justifica_castigo_docente,prevalence,Lengua materna,4,6.60614171980562,2.0851065346421334,2.5148650336588307,10.697418405952408,0.3156315173183245,273.0,19,273,2.00957523712924,2.306004135204166
justifica_castigo_docente,prevalence,Nacional,Total,4.522468553401304,0.2565658508966229,4.018642334429787,5.026294772372822,0.0567313731133989,18627.0,1161,18627,1.962142757779508,1.963730625922319
justifica_castigo_docente,prevalence,Sexo,1,2.7792960505641284,0.2317082359862848,2.3246514134057743,3.233940687722482,0.0833693970598252,9546.0,375,9546,1.962202376365632,1.9682932552437893
justifica_castigo_docente,prevalence,Sexo,2,6.359785219617622,0.4124105961318149,5.550576755186052,7.168993684049192,0.0648466232569738,9081.0,786,9081,1.9622476264013184,1.9648571731724895
justifica_castigo_docente,prevalence,Tipo de hogar,1,4.564677356804764,0.2992455628890404,3.977514842784381,5.151839870825146,0.0655567829877268,13331.0,814,13331,1.962142757779508,1.9647582832370232
justifica_castigo_docente,prevalence,Tipo de hogar,2,4.122050387133781,0.3973214719813389,3.3423775025871647,4.901723271680396,0.0963892807379319,4358.0,280,4358,1.962322551204167,1.97143465852024
justifica_castigo_docente,prevalence,Tipo de hogar,3,5.950787473914891,1.0834276503983775,3.822675757617041,8.078899190212741,0.1820645847541274,921.0,65,921,1.9642398045825584,2.019540970441376
justifica_castigo_docente,prevalence,Área,1,3.95035222280521,0.2661141996882678,3.42745951142917,4.47324493418125,0.0673646765349181,15433.0,940,15433,1.9630738928941311,1.9649184898384544
justifica_castigo_docente,prevalence,Área,2,6.6812540520855626,0.6339392104736127,5.426989798054504,7.935518306116621,0.0948832667537507,3194.0,221,3194,1.967850227366019,1.978524491479245
justifica_castigo_docente,prevalence,Área y sexo,Rural Hombre,8.78163017798145,1.0274300140885375,6.765665816712327,10.797594539250571,0.1169976409009634,1590.0,145,1590,1.9678765312856947,1.98608631695113
justifica_castigo_docente,prevalence,Área y sexo,Rural Mujer,4.518799164580231,0.6957950664128899,3.153549914119468,5.884048415040994,0.1539778691354,1604.0,76,1604,1.967850227366019,2.0085591121007607
justifica_castigo_docente,prevalence,Área y sexo,Urbano Hombre,5.683502072918239,0.4326025073194426,4.834674196184138,6.532329949652341,0.0761154833356679,7491.0,641,7491,1.9632873744486168,1.9663442972793104
justifica_castigo_docente,prevalence,Área y sexo,Urbano Mujer,2.341270501327834,0.2201116616191335,1.9093799985790372,2.773161004076631,0.0940137679496234,7942.0,299,7942,1.9631967955598617,1.9710074720044708
