module_id,report_topic_id,indicator_id,disaggregation_scope,period_label,series_label,display_label_override
3.1,3.1.01,justifica_castigo_parental,ESTANDAR,No aplica,,
3.1,3.1.02,justifica_castigo_docente,ESTANDAR,No aplica,,
3.1,3.1.03,rechaza_trabajo_infantil_necesidad,ESTANDAR,No aplica,,
3.1,3.1.04,reconoce_derecho_opinar,ESTANDAR,No aplica,,
3.1,3.1.05,rechaza_dejar_estudiar,ESTANDAR,No aplica,,
3.1,3.1.06,reconoce_derecho_denunciar,ESTANDAR,No aplica,,
3.1,3.1.07,Componentes,Tareas del hogar,No aplica,Componente,
3.1,3.1.07,predominio_femenino_tareas,ESTANDAR,No aplica,Predominio,
3.1,3.1.08,mito_locas,ESTANDAR,No aplica,,
3.1,3.1.09,mito_pobreza,ESTANDAR,No aplica,,
3.1,3.1.10,mito_fuera_casa,ESTANDAR,No aplica,,
3.1,3.1.11,mito_sitios_oscuros,ESTANDAR,No aplica,,
3.2,3.2.01,VP_HOGAR,ESTANDAR,Últimos 12 meses,,
3.2,3.2.02,Agresor_VP_H__AG_VP_01,ESTANDAR,Últimos 12 meses,Persona agresora,
3.2,3.2.02,Agresor_VP_H__AG_VP_02,ESTANDAR,Últimos 12 meses,Persona agresora,
3.2,3.2.02,Agresor_VP_H__AG_VP_03,ESTANDAR,Últimos 12 meses,Persona agresora,
3.2,3.2.02,Agresor_VP_H__AG_VP_04,ESTANDAR,Últimos 12 meses,Persona agresora,
3.2,3.2.02,Agresor_VP_H__AG_VP_05,ESTANDAR,Últimos 12 meses,Persona agresora,
3.2,3.2.02,Agresor_VP_H__AG_VP_06,ESTANDAR,Últimos 12 meses,Persona agresora,
3.2,3.2.02,Agresor_VP_H__AG_VP_07,ESTANDAR,Últimos 12 meses,Persona agresora,
3.2,3.2.02,Agresor_VP_H__AG_VP_08,ESTANDAR,Últimos 12 meses,Persona agresora,
3.2,3.2.02,C3P201_10_1,ESTANDAR,Últimos 12 meses,Forma reportada,
3.2,3.2.02,C3P201_11_1,ESTANDAR,Últimos 12 meses,Forma reportada,
3.2,3.2.02,C3P201_1_1,ESTANDAR,Últimos 12 meses,Forma reportada,
3.2,3.2.02,C3P201_2_1,ESTANDAR,Últimos 12 meses,Forma reportada,
3.2,3.2.02,C3P201_3_1,ESTANDAR,Últimos 12 meses,Forma reportada,
3.2,3.2.02,C3P201_4_1,ESTANDAR,Últimos 12 meses,Forma reportada,
3.2,3.2.02,C3P201_5_1,ESTANDAR,Últimos 12 meses,Forma reportada,
3.2,3.2.02,C3P201_6_1,ESTANDAR,Últimos 12 meses,Forma reportada,
3.2,3.2.02,C3P201_7_1,ESTANDAR,Últimos 12 meses,Forma reportada,
3.2,3.2.02,C3P201_8_1,ESTANDAR,Últimos 12 meses,Forma reportada,
3.2,3.2.02,C3P201_9_1,ESTANDAR,Últimos 12 meses,Forma reportada,
3.2,3.2.02,VP_ICVAC_203_AISLAMIENTO,ESTANDAR,Últimos 12 meses,Forma ICVAC,
3.2,3.2.02,VP_ICVAC_401_ATERRORIZAR,ESTANDAR,Últimos 12 meses,Forma ICVAC,
3.2,3.2.02,VP_ICVAC_402_HOSTIGAR_HUMILLAR,ESTANDAR,Últimos 12 meses,Forma ICVAC,
3.2,3.2.02,VP_ICVAC_409_OTROS,ESTANDAR,Últimos 12 meses,Forma ICVAC,
3.2,3.2.03,VF_HOGAR,ESTANDAR,Últimos 12 meses,,
3.2,3.2.04,Agresor_VF_H__AG_VF_01,ESTANDAR,Últimos 12 meses,Persona agresora,
3.2,3.2.04,Agresor_VF_H__AG_VF_02,ESTANDAR,Últimos 12 meses,Persona agresora,
3.2,3.2.04,Agresor_VF_H__AG_VF_03,ESTANDAR,Últimos 12 meses,Persona agresora,
3.2,3.2.04,Agresor_VF_H__AG_VF_04,ESTANDAR,Últimos 12 meses,Persona agresora,
3.2,3.2.04,Agresor_VF_H__AG_VF_05,ESTANDAR,Últimos 12 meses,Persona agresora,
3.2,3.2.04,Agresor_VF_H__AG_VF_06,ESTANDAR,Últimos 12 meses,Persona agresora,
3.2,3.2.04,Agresor_VF_H__AG_VF_07,ESTANDAR,Últimos 12 meses,Persona agresora,
3.2,3.2.04,Agresor_VF_H__AG_VF_08,ESTANDAR,Últimos 12 meses,Persona agresora,
3.2,3.2.04,"C3P205_1_1,",ESTANDAR,Últimos 12 meses,Forma reportada,
3.2,3.2.04,"C3P205_2_1,",ESTANDAR,Últimos 12 meses,Forma reportada,
3.2,3.2.04,"C3P205_3_1,",ESTANDAR,Últimos 12 meses,Forma reportada,
3.2,3.2.04,"C3P205_4_1,",ESTANDAR,Últimos 12 meses,Forma reportada,
3.2,3.2.04,"C3P205_5_1,",ESTANDAR,Últimos 12 meses,Forma reportada,
3.2,3.2.04,"C3P205_6_1,",ESTANDAR,Últimos 12 meses,Forma reportada,
3.2,3.2.04,C3P205_7_1,ESTANDAR,Últimos 12 meses,Forma reportada,
3.2,3.2.04,VF_ICVAC_201_AGRESION_GRAVE,ESTANDAR,Últimos 12 meses,Forma ICVAC,
3.2,3.2.04,VF_ICVAC_202_AGRESION_LEVE,ESTANDAR,Últimos 12 meses,Forma ICVAC,
3.2,3.2.04,VF_ICVAC_209_OTROS,ESTANDAR,Últimos 12 meses,Forma ICVAC,
3.2,3.2.05,VS_H,ESTANDAR,Últimos 12 meses,,
3.2,3.2.05,VS_H_1,ESTANDAR,Alguna vez en la vida,,
3.2,3.2.06,Formas_Agresor_VS_H_1__C4P248_1,ESTANDAR,Alguna vez en la vida,Persona agresora,
3.2,3.2.06,Formas_Agresor_VS_H_1__C4P248_10,ESTANDAR,Alguna vez en la vida,Persona agresora,
3.2,3.2.06,Formas_Agresor_VS_H_1__C4P248_11,ESTANDAR,Alguna vez en la vida,Persona agresora,
3.2,3.2.06,Formas_Agresor_VS_H_1__C4P248_13,ESTANDAR,Alguna vez en la vida,Persona agresora,
3.2,3.2.06,Formas_Agresor_VS_H_1__C4P248_14,ESTANDAR,Alguna vez en la vida,Persona agresora,
3.2,3.2.06,Formas_Agresor_VS_H_1__C4P248_15,ESTANDAR,Alguna vez en la vida,Persona agresora,
3.2,3.2.06,Formas_Agresor_VS_H_1__C4P248_16,ESTANDAR,Alguna vez en la vida,Persona agresora,
3.2,3.2.06,Formas_Agresor_VS_H_1__C4P248_2,ESTANDAR,Alguna vez en la vida,Persona agresora,
3.2,3.2.06,Formas_Agresor_VS_H_1__C4P248_3,ESTANDAR,Alguna vez en la vida,Persona agresora,
3.2,3.2.06,Formas_Agresor_VS_H_1__C4P248_4,ESTANDAR,Alguna vez en la vida,Persona agresora,
3.2,3.2.06,Formas_Agresor_VS_H_1__C4P248_5,ESTANDAR,Alguna vez en la vida,Persona agresora,
3.2,3.2.06,Formas_Agresor_VS_H_1__C4P248_6,ESTANDAR,Alguna vez en la vida,Persona agresora,
3.2,3.2.06,Formas_Agresor_VS_H_1__C4P248_7,ESTANDAR,Alguna vez en la vida,Persona agresora,
3.2,3.2.06,Formas_Agresor_VS_H_1__C4P248_8,ESTANDAR,Alguna vez en la vida,Persona agresora,
3.2,3.2.06,Formas_Agresor_VS_H_1__C4P248_9,ESTANDAR,Alguna vez en la vida,Persona agresora,
3.2,3.2.06,Formas_Agresor_VS_H_1__ICVAC_301,ESTANDAR,Alguna vez en la vida,Persona agresora,
3.2,3.2.06,Formas_Agresor_VS_H_1__ICVAC_302,ESTANDAR,Alguna vez en la vida,Persona agresora,
3.2,3.2.06,Formas_Agresor_VS_H_1__ICVAC_303,ESTANDAR,Alguna vez en la vida,Persona agresora,
3.2,3.2.06,Formas_Agresor_VS_H_1__VSH_AG01,ESTANDAR,Alguna vez en la vida,Persona agresora,
3.2,3.2.06,Formas_Agresor_VS_H_1__VSH_AG02,ESTANDAR,Alguna vez en la vida,Persona agresora,
3.2,3.2.06,Formas_Agresor_VS_H_1__VSH_AG03,ESTANDAR,Alguna vez en la vida,Persona agresora,
3.2,3.2.06,Formas_Agresor_VS_H_1__VSH_CP01,ESTANDAR,Alguna vez en la vida,Persona agresora,
3.2,3.2.06,Formas_Agresor_VS_H_1__VSH_CP02,ESTANDAR,Alguna vez en la vida,Persona agresora,
3.2,3.2.06,Formas_Agresor_VS_H_1__VSH_CP03,ESTANDAR,Alguna vez en la vida,Persona agresora,
3.2,3.2.06,Formas_Agresor_VS_H_1__VSH_CP04,ESTANDAR,Alguna vez en la vida,Persona agresora,
3.2,3.2.06,Formas_Agresor_VS_H_1__VSH_CP05,ESTANDAR,Alguna vez en la vida,Persona agresora,
3.2,3.2.06,Formas_Agresor_VS_H_1__VSH_CP06,ESTANDAR,Alguna vez en la vida,Persona agresora,
3.2,3.2.06,Formas_Agresor_VS_H_1__VSH_CP07,ESTANDAR,Alguna vez en la vida,Persona agresora,
3.2,3.2.06,Formas_Agresor_VS_H_1__VSH_CP08,ESTANDAR,Alguna vez en la vida,Persona agresora,
3.2,3.2.06,Formas_Agresor_VS_H__C4P248_1,ESTANDAR,Últimos 12 meses,Persona agresora,
3.2,3.2.06,Formas_Agresor_VS_H__C4P248_10,ESTANDAR,Últimos 12 meses,Persona agresora,
3.2,3.2.06,Formas_Agresor_VS_H__C4P248_11,ESTANDAR,Últimos 12 meses,Persona agresora,
3.2,3.2.06,Formas_Agresor_VS_H__C4P248_13,ESTANDAR,Últimos 12 meses,Persona agresora,
3.2,3.2.06,Formas_Agresor_VS_H__C4P248_14,ESTANDAR,Últimos 12 meses,Persona agresora,
3.2,3.2.06,Formas_Agresor_VS_H__C4P248_15,ESTANDAR,Últimos 12 meses,Persona agresora,
3.2,3.2.06,Formas_Agresor_VS_H__C4P248_16,ESTANDAR,Últimos 12 meses,Persona agresora,
3.2,3.2.06,Formas_Agresor_VS_H__C4P248_2,ESTANDAR,Últimos 12 meses,Persona agresora,
3.2,3.2.06,Formas_Agresor_VS_H__C4P248_3,ESTANDAR,Últimos 12 meses,Persona agresora,
3.2,3.2.06,Formas_Agresor_VS_H__C4P248_4,ESTANDAR,Últimos 12 meses,Persona agresora,
3.2,3.2.06,Formas_Agresor_VS_H__C4P248_5,ESTANDAR,Últimos 12 meses,Persona agresora,
3.2,3.2.06,Formas_Agresor_VS_H__C4P248_6,ESTANDAR,Últimos 12 meses,Persona agresora,
3.2,3.2.06,Formas_Agresor_VS_H__C4P248_7,ESTANDAR,Últimos 12 meses,Persona agresora,
3.2,3.2.06,Formas_Agresor_VS_H__C4P248_8,ESTANDAR,Últimos 12 meses,Persona agresora,
3.2,3.2.06,Formas_Agresor_VS_H__C4P248_9,ESTANDAR,Últimos 12 meses,Persona agresora,
3.2,3.2.06,Formas_Agresor_VS_H__ICVAC_301,ESTANDAR,Últimos 12 meses,Persona agresora,
3.2,3.2.06,Formas_Agresor_VS_H__ICVAC_302,ESTANDAR,Últimos 12 meses,Persona agresora,
3.2,3.2.06,Formas_Agresor_VS_H__ICVAC_303,ESTANDAR,Últimos 12 meses,Persona agresora,
3.2,3.2.06,Formas_Agresor_VS_H__VSH_AG01,ESTANDAR,Últimos 12 meses,Persona agresora,
3.2,3.2.06,Formas_Agresor_VS_H__VSH_AG02,ESTANDAR,Últimos 12 meses,Persona agresora,
3.2,3.2.06,Formas_Agresor_VS_H__VSH_AG03,ESTANDAR,Últimos 12 meses,Persona agresora,
3.2,3.2.06,Formas_Agresor_VS_H__VSH_CP01,ESTANDAR,Últimos 12 meses,Persona agresora,
3.2,3.2.06,Formas_Agresor_VS_H__VSH_CP02,ESTANDAR,Últimos 12 meses,Persona agresora,
3.2,3.2.06,Formas_Agresor_VS_H__VSH_CP03,ESTANDAR,Últimos 12 meses,Persona agresora,
3.2,3.2.06,Formas_Agresor_VS_H__VSH_CP04,ESTANDAR,Últimos 12 meses,Persona agresora,
3.2,3.2.06,Formas_Agresor_VS_H__VSH_CP05,ESTANDAR,Últimos 12 meses,Persona agresora,
3.2,3.2.06,Formas_Agresor_VS_H__VSH_CP06,ESTANDAR,Últimos 12 meses,Persona agresora,
3.2,3.2.06,Formas_Agresor_VS_H__VSH_CP07,ESTANDAR,Últimos 12 meses,Persona agresora,
3.2,3.2.06,Formas_Agresor_VS_H__VSH_CP08,ESTANDAR,Últimos 12 meses,Persona agresora,
3.2,3.2.07,VN_HOGAR1,ESTANDAR,Período no precisado,,
3.2,3.2.08,VF_HOGAR_01,ESTANDAR,Período no precisado,,
3.2,3.2.10,VF_HOGAR_03,ESTANDAR,Últimos 12 meses,,
3.2,3.2.11,INDICADOR_8_3_6,ESTANDAR,Últimos 12 meses,,
3.2,3.2.12,Hogar__VP_o_VF_HOGAR,ESTANDAR,Últimos 12 meses,,
3.2,3.2.12,VP_o_VF_HOGAR__VP_o_VF_HOGAR,ESTANDAR,Últimos 12 meses,,
3.2,3.2.13,VP_VF_HOGAR,ESTANDAR,Últimos 12 meses,,
3.2,3.2.14,Solap_VP_VF_H,Condicional,Últimos 12 meses,,
3.2,3.2.14,Solap_VP_VF_H,Prevalencia (contexto),Últimos 12 meses,,
3.2,3.2.14,Solap_VP_VF_H__Coexistencia,ESTANDAR,Últimos 12 meses,,
3.2,3.2.15,VP_VF_VS_HOGAR,ESTANDAR,Últimos 12 meses,,
3.2,3.2.16,VP_o_VF_o_VS_HOGAR,ESTANDAR,Últimos 12 meses,,
3.2,3.2.17,VP_HOGAR,Conductas de riesgo inducidas por adultos,Últimos 12 meses,,
3.2,3.2.17,VP_HOGAR,Conductas de riesgo personales,Últimos 12 meses,,
3.2,3.2.17,VP_HOGAR,Desempeño escolar: expulsión de colegio,Últimos 12 meses,,
3.2,3.2.17,VP_HOGAR,Desempeño escolar: repitencia de año,Últimos 12 meses,,
3.2,3.2.17,VP_HOGAR,Exposición a discusiones entre cuidadores,Últimos 12 meses,,
3.2,3.2.17,VP_HOGAR,Normas sobre castigo físico,Últimos 12 meses,,
3.2,3.2.17,VP_HOGAR,Participación en decisiones del hogar,Últimos 12 meses,,
3.2,3.2.17,VP_HOGAR,Te piden o te han ordenado no ir al colegio para ayudar a tu mamá o papá u otra persona en la casa u otro lugar,Últimos 12 meses,,
3.2,3.2.18,VF_HOGAR,Conductas de riesgo inducidas por adultos,Últimos 12 meses,,
3.2,3.2.18,VF_HOGAR,Conductas de riesgo personales,Últimos 12 meses,,
3.2,3.2.18,VF_HOGAR,Desempeño escolar: expulsión de colegio,Últimos 12 meses,,
3.2,3.2.18,VF_HOGAR,Desempeño escolar: repitencia de año,Últimos 12 meses,,
3.2,3.2.18,VF_HOGAR,Exposición a discusiones entre cuidadores,Últimos 12 meses,,
3.2,3.2.18,VF_HOGAR,Normas sobre castigo físico,Últimos 12 meses,,
3.2,3.2.18,VF_HOGAR,Participación en decisiones del hogar,Últimos 12 meses,,
3.2,3.2.18,VF_HOGAR,Te piden o te han ordenado no ir al colegio para ayudar a tu mamá o papá u otra persona en la casa u otro lugar,Últimos 12 meses,,
3.3,3.3.01,VP_ESCUELA,ESTANDAR,Últimos 12 meses,,
3.3,3.3.02,AG_VP_09,ESTANDAR,Últimos 12 meses,Forma reportada,
3.3,3.3.02,Agresor_VP_E__AG_VP_01,ESTANDAR,Últimos 12 meses,Persona agresora,
3.3,3.3.02,Agresor_VP_E__AG_VP_02,ESTANDAR,Últimos 12 meses,Persona agresora,
3.3,3.3.02,Agresor_VP_E__AG_VP_03,ESTANDAR,Últimos 12 meses,Persona agresora,
3.3,3.3.02,Agresor_VP_E__AG_VP_04,ESTANDAR,Últimos 12 meses,Persona agresora,
3.3,3.3.02,Agresor_VP_E__AG_VP_05,ESTANDAR,Últimos 12 meses,Persona agresora,
3.3,3.3.02,Agresor_VP_E__AG_VP_06,ESTANDAR,Últimos 12 meses,Persona agresora,
3.3,3.3.02,Agresor_VP_E__AG_VP_07,ESTANDAR,Últimos 12 meses,Persona agresora,
3.3,3.3.02,Agresor_VP_E__AG_VP_08,ESTANDAR,Últimos 12 meses,Persona agresora,
3.3,3.3.02,C3P223_10_1,ESTANDAR,Últimos 12 meses,Forma reportada,
3.3,3.3.02,C3P223_11_1,ESTANDAR,Últimos 12 meses,Forma reportada,
3.3,3.3.02,C3P223_12_1,ESTANDAR,Últimos 12 meses,Forma reportada,
3.3,3.3.02,C3P223_13_1,ESTANDAR,Últimos 12 meses,Forma reportada,
3.3,3.3.02,C3P223_14_1,ESTANDAR,Últimos 12 meses,Forma reportada,
3.3,3.3.02,C3P223_1_1,ESTANDAR,Últimos 12 meses,Forma reportada,
3.3,3.3.02,C3P223_2_1,ESTANDAR,Últimos 12 meses,Forma reportada,
3.3,3.3.02,C3P223_3_1,ESTANDAR,Últimos 12 meses,Forma reportada,
3.3,3.3.02,C3P223_4_1,ESTANDAR,Últimos 12 meses,Forma reportada,
3.3,3.3.02,C3P223_5_1,ESTANDAR,Últimos 12 meses,Forma reportada,
3.3,3.3.02,C3P223_6_1,ESTANDAR,Últimos 12 meses,Forma reportada,
3.3,3.3.02,C3P223_7_1,ESTANDAR,Últimos 12 meses,Forma reportada,
3.3,3.3.02,C3P223_8_1,ESTANDAR,Últimos 12 meses,Forma reportada,
3.3,3.3.02,C3P223_9_1,ESTANDAR,Últimos 12 meses,Forma reportada,
3.3,3.3.02,VPE_ICVAC_203_AISLAMIENTO,ESTANDAR,Últimos 12 meses,Forma ICVAC,
3.3,3.3.02,VPE_ICVAC_401_ATERRORIZAR,ESTANDAR,Últimos 12 meses,Forma ICVAC,
3.3,3.3.02,VPE_ICVAC_402_HOSTIGAR_HUMILLAR,ESTANDAR,Últimos 12 meses,Forma ICVAC,
3.3,3.3.02,VPE_ICVAC_409_OTROS,ESTANDAR,Últimos 12 meses,Forma ICVAC,
3.3,3.3.03,VF_ESCUELA,ESTANDAR,Últimos 12 meses,,
3.3,3.3.04,AG_VF_09,ESTANDAR,Últimos 12 meses,Forma reportada,
3.3,3.3.04,Agresor_VF_E__AG_VF_01,ESTANDAR,Últimos 12 meses,Persona agresora,
3.3,3.3.04,Agresor_VF_E__AG_VF_02,ESTANDAR,Últimos 12 meses,Persona agresora,
3.3,3.3.04,Agresor_VF_E__AG_VF_03,ESTANDAR,Últimos 12 meses,Persona agresora,
3.3,3.3.04,Agresor_VF_E__AG_VF_04,ESTANDAR,Últimos 12 meses,Persona agresora,
3.3,3.3.04,Agresor_VF_E__AG_VF_05,ESTANDAR,Últimos 12 meses,Persona agresora,
3.3,3.3.04,Agresor_VF_E__AG_VF_06,ESTANDAR,Últimos 12 meses,Persona agresora,
3.3,3.3.04,Agresor_VF_E__AG_VF_07,ESTANDAR,Últimos 12 meses,Persona agresora,
3.3,3.3.04,Agresor_VF_E__AG_VF_08,ESTANDAR,Últimos 12 meses,Persona agresora,
3.3,3.3.04,C3P227_10_1,ESTANDAR,Últimos 12 meses,Forma reportada,
3.3,3.3.04,C3P227_1_1,ESTANDAR,Últimos 12 meses,Forma reportada,
3.3,3.3.04,C3P227_2_1,ESTANDAR,Últimos 12 meses,Forma reportada,
3.3,3.3.04,C3P227_3_1,ESTANDAR,Últimos 12 meses,Forma reportada,
3.3,3.3.04,C3P227_4_1,ESTANDAR,Últimos 12 meses,Forma reportada,
3.3,3.3.04,C3P227_5_1,ESTANDAR,Últimos 12 meses,Forma reportada,
3.3,3.3.04,C3P227_6_1,ESTANDAR,Últimos 12 meses,Forma reportada,
3.3,3.3.04,C3P227_7_1,ESTANDAR,Últimos 12 meses,Forma reportada,
3.3,3.3.04,C3P227_8_1,ESTANDAR,Últimos 12 meses,Forma reportada,
3.3,3.3.04,C3P227_9_1,ESTANDAR,Últimos 12 meses,Forma reportada,
3.3,3.3.04,VFE_ICVAC_201_AGRESION_GRAVE,ESTANDAR,Últimos 12 meses,Forma ICVAC,
3.3,3.3.04,VFE_ICVAC_202_AGRESION_LEVE,ESTANDAR,Últimos 12 meses,Forma ICVAC,
3.3,3.3.04,VFE_ICVAC_209_OTROS,ESTANDAR,Últimos 12 meses,Forma ICVAC,
3.3,3.3.05,VS_E,ESTANDAR,Últimos 12 meses,,
3.3,3.3.05,VS_E_1,ESTANDAR,Alguna vez en la vida,,
3.3,3.3.06,Formas_VS_E_1__C4P248_1,ESTANDAR,Alguna vez en la vida,Forma reportada,
3.3,3.3.06,Formas_VS_E_1__C4P248_10,ESTANDAR,Alguna vez en la vida,Forma reportada,
3.3,3.3.06,Formas_VS_E_1__C4P248_11,ESTANDAR,Alguna vez en la vida,Forma reportada,
3.3,3.3.06,Formas_VS_E_1__C4P248_12,ESTANDAR,Alguna vez en la vida,Forma reportada,
3.3,3.3.06,Formas_VS_E_1__C4P248_13,ESTANDAR,Alguna vez en la vida,Forma reportada,
3.3,3.3.06,Formas_VS_E_1__C4P248_14,ESTANDAR,Alguna vez en la vida,Forma reportada,
3.3,3.3.06,Formas_VS_E_1__C4P248_15,ESTANDAR,Alguna vez en la vida,Forma reportada,
3.3,3.3.06,Formas_VS_E_1__C4P248_16,ESTANDAR,Alguna vez en la vida,Forma reportada,
3.3,3.3.06,Formas_VS_E_1__C4P248_2,ESTANDAR,Alguna vez en la vida,Forma reportada,
3.3,3.3.06,Formas_VS_E_1__C4P248_3,ESTANDAR,Alguna vez en la vida,Forma reportada,
3.3,3.3.06,Formas_VS_E_1__C4P248_4,ESTANDAR,Alguna vez en la vida,Forma reportada,
3.3,3.3.06,Formas_VS_E_1__C4P248_5,ESTANDAR,Alguna vez en la vida,Forma reportada,
3.3,3.3.06,Formas_VS_E_1__C4P248_6,ESTANDAR,Alguna vez en la vida,Forma reportada,
3.3,3.3.06,Formas_VS_E_1__C4P248_7,ESTANDAR,Alguna vez en la vida,Forma reportada,
3.3,3.3.06,Formas_VS_E_1__C4P248_8,ESTANDAR,Alguna vez en la vida,Forma reportada,
3.3,3.3.06,Formas_VS_E_1__C4P248_9,ESTANDAR,Alguna vez en la vida,Forma reportada,
3.3,3.3.06,Formas_VS_E_1__ICVAC_301,ESTANDAR,Alguna vez en la vida,Forma ICVAC,
3.3,3.3.06,Formas_VS_E_1__ICVAC_302,ESTANDAR,Alguna vez en la vida,Forma ICVAC,
3.3,3.3.06,Formas_VS_E_1__ICVAC_303,ESTANDAR,Alguna vez en la vida,Forma ICVAC,
3.3,3.3.06,Formas_VS_E_1__ICVAC_309,ESTANDAR,Alguna vez en la vida,Forma ICVAC,
3.3,3.3.06,Formas_VS_E_1__VSE_CP01,ESTANDAR,Alguna vez en la vida,Forma reportada,
3.3,3.3.06,Formas_VS_E_1__VSE_CP02,ESTANDAR,Alguna vez en la vida,Forma reportada,
3.3,3.3.06,Formas_VS_E_1__VSE_CP03,ESTANDAR,Alguna vez en la vida,Forma reportada,
3.3,3.3.06,Formas_VS_E_1__VSE_CP04,ESTANDAR,Alguna vez en la vida,Forma reportada,
3.3,3.3.06,Formas_VS_E_1__VSE_CP05,ESTANDAR,Alguna vez en la vida,Forma reportada,
3.3,3.3.06,Formas_VS_E_1__VSE_CP06,ESTANDAR,Alguna vez en la vida,Forma reportada,
3.3,3.3.06,Formas_VS_E_1__VSE_CP07,ESTANDAR,Alguna vez en la vida,Forma reportada,
3.3,3.3.06,Formas_VS_E_1__VSE_CP08,ESTANDAR,Alguna vez en la vida,Forma reportada,
3.3,3.3.06,Formas_VS_E_1__VSE_CP09,ESTANDAR,Alguna vez en la vida,Forma reportada,
3.3,3.3.06,Formas_VS_E__C4P248_1,ESTANDAR,Últimos 12 meses,Forma reportada,
3.3,3.3.06,Formas_VS_E__C4P248_10,ESTANDAR,Últimos 12 meses,Forma reportada,
3.3,3.3.06,Formas_VS_E__C4P248_11,ESTANDAR,Últimos 12 meses,Forma reportada,
3.3,3.3.06,Formas_VS_E__C4P248_12,ESTANDAR,Últimos 12 meses,Forma reportada,
3.3,3.3.06,Formas_VS_E__C4P248_13,ESTANDAR,Últimos 12 meses,Forma reportada,
3.3,3.3.06,Formas_VS_E__C4P248_14,ESTANDAR,Últimos 12 meses,Forma reportada,
3.3,3.3.06,Formas_VS_E__C4P248_15,ESTANDAR,Últimos 12 meses,Forma reportada,
3.3,3.3.06,Formas_VS_E__C4P248_16,ESTANDAR,Últimos 12 meses,Forma reportada,
3.3,3.3.06,Formas_VS_E__C4P248_2,ESTANDAR,Últimos 12 meses,Forma reportada,
3.3,3.3.06,Formas_VS_E__C4P248_3,ESTANDAR,Últimos 12 meses,Forma reportada,
3.3,3.3.06,Formas_VS_E__C4P248_4,ESTANDAR,Últimos 12 meses,Forma reportada,
3.3,3.3.06,Formas_VS_E__C4P248_5,ESTANDAR,Últimos 12 meses,Forma reportada,
3.3,3.3.06,Formas_VS_E__C4P248_6,ESTANDAR,Últimos 12 meses,Forma reportada,
3.3,3.3.06,Formas_VS_E__C4P248_7,ESTANDAR,Últimos 12 meses,Forma reportada,
3.3,3.3.06,Formas_VS_E__C4P248_8,ESTANDAR,Últimos 12 meses,Forma reportada,
3.3,3.3.06,Formas_VS_E__C4P248_9,ESTANDAR,Últimos 12 meses,Forma reportada,
3.3,3.3.06,Formas_VS_E__ICVAC_301,ESTANDAR,Últimos 12 meses,Forma ICVAC,
3.3,3.3.06,Formas_VS_E__ICVAC_302,ESTANDAR,Últimos 12 meses,Forma ICVAC,
3.3,3.3.06,Formas_VS_E__ICVAC_303,ESTANDAR,Últimos 12 meses,Forma ICVAC,
3.3,3.3.06,Formas_VS_E__ICVAC_309,ESTANDAR,Últimos 12 meses,Forma ICVAC,
3.3,3.3.06,Formas_VS_E__VSE_CP01,ESTANDAR,Últimos 12 meses,Forma reportada,
3.3,3.3.06,Formas_VS_E__VSE_CP02,ESTANDAR,Últimos 12 meses,Forma reportada,
3.3,3.3.06,Formas_VS_E__VSE_CP03,ESTANDAR,Últimos 12 meses,Forma reportada,
3.3,3.3.06,Formas_VS_E__VSE_CP04,ESTANDAR,Últimos 12 meses,Forma reportada,
3.3,3.3.06,Formas_VS_E__VSE_CP05,ESTANDAR,Últimos 12 meses,Forma reportada,
3.3,3.3.06,Formas_VS_E__VSE_CP06,ESTANDAR,Últimos 12 meses,Forma reportada,
3.3,3.3.06,Formas_VS_E__VSE_CP07,ESTANDAR,Últimos 12 meses,Forma reportada,
3.3,3.3.06,Formas_VS_E__VSE_CP08,ESTANDAR,Últimos 12 meses,Forma reportada,
3.3,3.3.06,Formas_VS_E__VSE_CP09,ESTANDAR,Últimos 12 meses,Forma reportada,
3.3,3.3.07,VP_VF_E,ESTANDAR,Últimos 12 meses,,
3.3,3.3.08,VP_o_VF_E,ESTANDAR,Últimos 12 meses,,
3.3,3.3.08,VP_o_VF_ESCUELA,ESTANDAR,Últimos 12 meses,,
3.3,3.3.09,INDICADOR_8_3_9,ESTANDAR,Últimos 12 meses,,
3.3,3.3.10,VP_VF_VS_E,ESTANDAR,Últimos 12 meses,,
3.3,3.3.11,Solap_VP_VF_E,Condicional,Últimos 12 meses,,
3.3,3.3.11,Solap_VP_VF_E,Prevalencia (contexto),Últimos 12 meses,,
3.3,3.3.11,Solap_VP_VF_E__Coexistencia,ESTANDAR,Últimos 12 meses,,
3.3,3.3.12,HoraClase_ViolEsc,ESTANDAR,Últimos 12 meses,,
3.3,3.3.12,HoraEntrada_ViolEsc,ESTANDAR,Últimos 12 meses,,
3.3,3.3.12,HoraRecreo_ViolEsc,ESTANDAR,Últimos 12 meses,,
3.3,3.3.12,HoraSalida_ViolEsc,ESTANDAR,Últimos 12 meses,,
3.3,3.3.12,LugarBano_ViolEsc,ESTANDAR,Últimos 12 meses,,
3.3,3.3.12,LugarFueraColegio_ViolEsc,ESTANDAR,Últimos 12 meses,,
3.3,3.3.12,LugarOtro_ViolEsc,ESTANDAR,Últimos 12 meses,,
3.3,3.3.12,LugarPasilloEscalera_ViolEsc,ESTANDAR,Últimos 12 meses,,
3.3,3.3.12,LugarPatio_ViolEsc,ESTANDAR,Últimos 12 meses,,
3.3,3.3.12,LugarSalon_ViolEsc,ESTANDAR,Últimos 12 meses,,
3.3,3.3.13,VP_EJERCIDA,ESTANDAR,Últimos 12 meses,,
3.3,3.3.14,VF_EJERCIDA,ESTANDAR,Últimos 12 meses,,
3.3,3.3.15,VP_o_VF_EJERCIDA,ESTANDAR,Últimos 12 meses,,
3.3,3.3.16,C3P233_1A_1,ESTANDAR,Últimos 12 meses,,
3.3,3.3.16,C3P233_1_1,ESTANDAR,Últimos 12 meses,,
3.3,3.3.16,C3P233_2A_1,ESTANDAR,Últimos 12 meses,,
3.3,3.3.16,C3P233_2_1,ESTANDAR,Últimos 12 meses,,
3.3,3.3.16,C3P233_3_1,ESTANDAR,Últimos 12 meses,,
3.3,3.3.19,VP_EJERCIDA,Conductas de riesgo inducidas por adultos,Últimos 12 meses,,
3.3,3.3.19,VP_EJERCIDA,Conductas de riesgo personales,Últimos 12 meses,,
3.3,3.3.19,VP_EJERCIDA,Desempeño escolar: expulsión de colegio,Últimos 12 meses,,
3.3,3.3.19,VP_EJERCIDA,Desempeño escolar: repitencia de año,Últimos 12 meses,,
3.3,3.3.19,VP_EJERCIDA,Exposición a discusiones entre cuidadores,Últimos 12 meses,,
3.3,3.3.19,VP_EJERCIDA,Normas sobre castigo físico docente,Últimos 12 meses,,
3.3,3.3.19,VP_EJERCIDA,Normas sobre castigo físico parental,Últimos 12 meses,,
3.3,3.3.19,VP_EJERCIDA,Participación en decisiones del hogar,Últimos 12 meses,,
3.3,3.3.19,VP_EJERCIDA,Te piden o te han ordenado no ir al colegio para ayudar a tu mamá o papá u otra persona en la casa u otro lugar,Últimos 12 meses,,
3.3,3.3.20,VF_EJERCIDA,Conductas de riesgo inducidas por adultos,Últimos 12 meses,,
3.3,3.3.20,VF_EJERCIDA,Conductas de riesgo personales,Últimos 12 meses,,
3.3,3.3.20,VF_EJERCIDA,Desempeño escolar: expulsión de colegio,Últimos 12 meses,,
3.3,3.3.20,VF_EJERCIDA,Desempeño escolar: repitencia de año,Últimos 12 meses,,
3.3,3.3.20,VF_EJERCIDA,Exposición a discusiones entre cuidadores,Últimos 12 meses,,
3.3,3.3.20,VF_EJERCIDA,Normas sobre castigo físico docente,Últimos 12 meses,,
3.3,3.3.20,VF_EJERCIDA,Normas sobre castigo físico parental,Últimos 12 meses,,
3.3,3.3.20,VF_EJERCIDA,Participación en decisiones del hogar,Últimos 12 meses,,
3.3,3.3.20,VF_EJERCIDA,Te piden o te han ordenado no ir al colegio para ayudar a tu mamá o papá u otra persona en la casa u otro lugar,Últimos 12 meses,,
3.4,3.4.01,VS_12M,ESTANDAR,Últimos 12 meses,,
3.4,3.4.01,VS_VIDA,ESTANDAR,Alguna vez en la vida,,
3.4,3.4.02,Formas_VS_12M__C4P248_1,ESTANDAR,Últimos 12 meses,Forma reportada,
3.4,3.4.02,Formas_VS_12M__C4P248_10,ESTANDAR,Últimos 12 meses,Forma reportada,
3.4,3.4.02,Formas_VS_12M__C4P248_11,ESTANDAR,Últimos 12 meses,Forma reportada,
3.4,3.4.02,Formas_VS_12M__C4P248_12,ESTANDAR,Últimos 12 meses,Forma reportada,
3.4,3.4.02,Formas_VS_12M__C4P248_13,ESTANDAR,Últimos 12 meses,Forma reportada,
3.4,3.4.02,Formas_VS_12M__C4P248_14,ESTANDAR,Últimos 12 meses,Forma reportada,
3.4,3.4.02,Formas_VS_12M__C4P248_15,ESTANDAR,Últimos 12 meses,Forma reportada,
3.4,3.4.02,Formas_VS_12M__C4P248_16,ESTANDAR,Últimos 12 meses,Forma reportada,
3.4,3.4.02,Formas_VS_12M__C4P248_2,ESTANDAR,Últimos 12 meses,Forma reportada,
3.4,3.4.02,Formas_VS_12M__C4P248_3,ESTANDAR,Últimos 12 meses,Forma reportada,
3.4,3.4.02,Formas_VS_12M__C4P248_4,ESTANDAR,Últimos 12 meses,Forma reportada,
3.4,3.4.02,Formas_VS_12M__C4P248_5,ESTANDAR,Últimos 12 meses,Forma reportada,
3.4,3.4.02,Formas_VS_12M__C4P248_6,ESTANDAR,Últimos 12 meses,Forma reportada,
3.4,3.4.02,Formas_VS_12M__C4P248_7,ESTANDAR,Últimos 12 meses,Forma reportada,
3.4,3.4.02,Formas_VS_12M__C4P248_8,ESTANDAR,Últimos 12 meses,Forma reportada,
3.4,3.4.02,Formas_VS_12M__C4P248_9,ESTANDAR,Últimos 12 meses,Forma reportada,
3.4,3.4.02,Formas_VS_12M__ICVAC_301,ESTANDAR,Últimos 12 meses,Forma ICVAC,
3.4,3.4.02,Formas_VS_12M__ICVAC_302,ESTANDAR,Últimos 12 meses,Forma ICVAC,
3.4,3.4.02,Formas_VS_12M__ICVAC_303,ESTANDAR,Últimos 12 meses,Forma ICVAC,
3.4,3.4.02,Formas_VS_12M__ICVAC_309,ESTANDAR,Últimos 12 meses,Forma ICVAC,
3.4,3.4.02,Formas_VS_12M__VS_CP01,ESTANDAR,Últimos 12 meses,Forma reportada,
3.4,3.4.02,Formas_VS_12M__VS_CP02,ESTANDAR,Últimos 12 meses,Forma reportada,
3.4,3.4.02,Formas_VS_12M__VS_CP03,ESTANDAR,Últimos 12 meses,Forma reportada,
3.4,3.4.02,Formas_VS_12M__VS_CP04,ESTANDAR,Últimos 12 meses,Forma reportada,
3.4,3.4.02,Formas_VS_12M__VS_CP05,ESTANDAR,Últimos 12 meses,Forma reportada,
3.4,3.4.02,Formas_VS_12M__VS_CP06,ESTANDAR,Últimos 12 meses,Forma reportada,
3.4,3.4.02,Formas_VS_12M__VS_CP07,ESTANDAR,Últimos 12 meses,Forma reportada,
3.4,3.4.02,Formas_VS_12M__VS_CP08,ESTANDAR,Últimos 12 meses,Forma reportada,
3.4,3.4.02,Formas_VS_12M__VS_CP09,ESTANDAR,Últimos 12 meses,Forma reportada,
3.4,3.4.02,Formas_VS_VIDA__C4P248_1,ESTANDAR,Alguna vez en la vida,Forma reportada,
3.4,3.4.02,Formas_VS_VIDA__C4P248_10,ESTANDAR,Alguna vez en la vida,Forma reportada,
3.4,3.4.02,Formas_VS_VIDA__C4P248_11,ESTANDAR,Alguna vez en la vida,Forma reportada,
3.4,3.4.02,Formas_VS_VIDA__C4P248_12,ESTANDAR,Alguna vez en la vida,Forma reportada,
3.4,3.4.02,Formas_VS_VIDA__C4P248_13,ESTANDAR,Alguna vez en la vida,Forma reportada,
3.4,3.4.02,Formas_VS_VIDA__C4P248_14,ESTANDAR,Alguna vez en la vida,Forma reportada,
3.4,3.4.02,Formas_VS_VIDA__C4P248_15,ESTANDAR,Alguna vez en la vida,Forma reportada,
3.4,3.4.02,Formas_VS_VIDA__C4P248_16,ESTANDAR,Alguna vez en la vida,Forma reportada,
3.4,3.4.02,Formas_VS_VIDA__C4P248_2,ESTANDAR,Alguna vez en la vida,Forma reportada,
3.4,3.4.02,Formas_VS_VIDA__C4P248_3,ESTANDAR,Alguna vez en la vida,Forma reportada,
3.4,3.4.02,Formas_VS_VIDA__C4P248_4,ESTANDAR,Alguna vez en la vida,Forma reportada,
3.4,3.4.02,Formas_VS_VIDA__C4P248_5,ESTANDAR,Alguna vez en la vida,Forma reportada,
3.4,3.4.02,Formas_VS_VIDA__C4P248_6,ESTANDAR,Alguna vez en la vida,Forma reportada,
3.4,3.4.02,Formas_VS_VIDA__C4P248_7,ESTANDAR,Alguna vez en la vida,Forma reportada,
3.4,3.4.02,Formas_VS_VIDA__C4P248_8,ESTANDAR,Alguna vez en la vida,Forma reportada,
3.4,3.4.02,Formas_VS_VIDA__C4P248_9,ESTANDAR,Alguna vez en la vida,Forma reportada,
3.4,3.4.02,Formas_VS_VIDA__ICVAC_301,ESTANDAR,Alguna vez en la vida,Forma ICVAC,
3.4,3.4.02,Formas_VS_VIDA__ICVAC_302,ESTANDAR,Alguna vez en la vida,Forma ICVAC,
3.4,3.4.02,Formas_VS_VIDA__ICVAC_303,ESTANDAR,Alguna vez en la vida,Forma ICVAC,
3.4,3.4.02,Formas_VS_VIDA__ICVAC_309,ESTANDAR,Alguna vez en la vida,Forma ICVAC,
3.4,3.4.02,Formas_VS_VIDA__VS_CP01,ESTANDAR,Alguna vez en la vida,Forma reportada,
3.4,3.4.02,Formas_VS_VIDA__VS_CP02,ESTANDAR,Alguna vez en la vida,Forma reportada,
3.4,3.4.02,Formas_VS_VIDA__VS_CP03,ESTANDAR,Alguna vez en la vida,Forma reportada,
3.4,3.4.02,Formas_VS_VIDA__VS_CP04,ESTANDAR,Alguna vez en la vida,Forma reportada,
3.4,3.4.02,Formas_VS_VIDA__VS_CP05,ESTANDAR,Alguna vez en la vida,Forma reportada,
3.4,3.4.02,Formas_VS_VIDA__VS_CP06,ESTANDAR,Alguna vez en la vida,Forma reportada,
3.4,3.4.02,Formas_VS_VIDA__VS_CP07,ESTANDAR,Alguna vez en la vida,Forma reportada,
3.4,3.4.02,Formas_VS_VIDA__VS_CP08,ESTANDAR,Alguna vez en la vida,Forma reportada,
3.4,3.4.02,Formas_VS_VIDA__VS_CP09,ESTANDAR,Alguna vez en la vida,Forma reportada,
3.4,3.4.03,Agresor_VS_12M__AG_01,ESTANDAR,Últimos 12 meses,Entre víctimas,
3.4,3.4.03,Agresor_VS_12M__AG_02,ESTANDAR,Últimos 12 meses,Entre víctimas,
3.4,3.4.03,Agresor_VS_12M__AG_03,ESTANDAR,Últimos 12 meses,Entre víctimas,
3.4,3.4.03,Agresor_VS_12M__AG_04,ESTANDAR,Últimos 12 meses,Entre víctimas,
3.4,3.4.03,Agresor_VS_12M__AG_05,ESTANDAR,Últimos 12 meses,Entre víctimas,
3.4,3.4.03,Agresor_VS_12M__AG_06,ESTANDAR,Últimos 12 meses,Entre víctimas,
3.4,3.4.03,Agresor_VS_12M__AG_07,ESTANDAR,Últimos 12 meses,Entre víctimas,
3.4,3.4.03,Agresor_VS_12M__AG_08,ESTANDAR,Últimos 12 meses,Entre víctimas,
3.4,3.4.03,Agresor_VS_12M__AG_09,ESTANDAR,Últimos 12 meses,Entre víctimas,
3.4,3.4.03,Agresor_VS_VIDA__AG_01,ESTANDAR,Alguna vez en la vida,Entre víctimas,
3.4,3.4.03,Agresor_VS_VIDA__AG_02,ESTANDAR,Alguna vez en la vida,Entre víctimas,
3.4,3.4.03,Agresor_VS_VIDA__AG_03,ESTANDAR,Alguna vez en la vida,Entre víctimas,
3.4,3.4.03,Agresor_VS_VIDA__AG_04,ESTANDAR,Alguna vez en la vida,Entre víctimas,
3.4,3.4.03,Agresor_VS_VIDA__AG_05,ESTANDAR,Alguna vez en la vida,Entre víctimas,
3.4,3.4.03,Agresor_VS_VIDA__AG_06,ESTANDAR,Alguna vez en la vida,Entre víctimas,
3.4,3.4.03,Agresor_VS_VIDA__AG_07,ESTANDAR,Alguna vez en la vida,Entre víctimas,
3.4,3.4.03,Agresor_VS_VIDA__AG_08,ESTANDAR,Alguna vez en la vida,Entre víctimas,
3.4,3.4.03,Agresor_VS_VIDA__AG_09,ESTANDAR,Alguna vez en la vida,Entre víctimas,
3.4,3.4.03,Prev_Agresor_VS__AG_01,ESTANDAR,Últimos 12 meses,Total de adolescentes,
3.4,3.4.03,Prev_Agresor_VS__AG_02,ESTANDAR,Últimos 12 meses,Total de adolescentes,
3.4,3.4.03,Prev_Agresor_VS__AG_03,ESTANDAR,Últimos 12 meses,Total de adolescentes,
3.4,3.4.03,Prev_Agresor_VS__AG_04,ESTANDAR,Últimos 12 meses,Total de adolescentes,
3.4,3.4.03,Prev_Agresor_VS__AG_05,ESTANDAR,Últimos 12 meses,Total de adolescentes,
3.4,3.4.03,Prev_Agresor_VS__AG_06,ESTANDAR,Últimos 12 meses,Total de adolescentes,
3.4,3.4.03,Prev_Agresor_VS__AG_07,ESTANDAR,Últimos 12 meses,Total de adolescentes,
3.4,3.4.03,Prev_Agresor_VS__AG_08,ESTANDAR,Últimos 12 meses,Total de adolescentes,
3.4,3.4.03,Prev_Agresor_VS__AG_09,ESTANDAR,Últimos 12 meses,Total de adolescentes,
3.4,3.4.04,Solap_VS_12M,2×2,Últimos 12 meses,,
3.4,3.4.04,Solap_VS_12M,3×3,Últimos 12 meses,,
3.4,3.4.04,Solap_VS_VIDA,2×2,Alguna vez en la vida,,
3.4,3.4.04,Solap_VS_VIDA,3×3,Alguna vez en la vida,,
3.4,3.4.05,VS_OtraPersona_12M,ESTANDAR,Últimos 12 meses,,
3.4,3.4.05,VS_OtraPersona_VIDA,ESTANDAR,Alguna vez en la vida,,
3.4,3.4.06,INDICADOR_8_2_7,ESTANDAR,Últimos 12 meses,,
3.4,3.4.07,INDICADOR_8_2_8,ESTANDAR,Antes de los 12 años,,
3.4,3.4.08,INDICADOR_8_2_13,ESTANDAR,Últimos 12 meses,,
3.4,3.4.09,VS_12M,Conductas de riesgo inducidas por adultos,Últimos 12 meses,,
3.4,3.4.09,VS_12M,Conductas de riesgo personales,Últimos 12 meses,,
3.4,3.4.09,VS_12M,Creencia: VS ocurre en sitios oscuros,Últimos 12 meses,,
3.4,3.4.09,VS_12M,Creencia: VS ocurre fuera de la casa,Últimos 12 meses,,
3.4,3.4.09,VS_12M,Creencia: VS solo afecta a NNA pobres,Últimos 12 meses,,
3.4,3.4.09,VS_12M,Creencia: VS solo la cometen personas locas,Últimos 12 meses,,
3.4,3.4.09,VS_12M,Desempeño escolar: expulsión de colegio,Últimos 12 meses,,
3.4,3.4.09,VS_12M,Desempeño escolar: repitencia de año,Últimos 12 meses,,
3.4,3.4.09,VS_12M,Exposición a violencia entre cuidadores,Últimos 12 meses,,
3.4,3.4.09,VS_12M,Justificación del castigo físico docente,Últimos 12 meses,,
3.4,3.4.09,VS_12M,Justificación del castigo físico parental,Últimos 12 meses,,
3.4,3.4.09,VS_12M,Participación en decisiones del hogar,Últimos 12 meses,,
3.4,3.4.09,VS_12M,Te piden o te han ordenado no ir al colegio para ayudar a tu mamá o papá u otra persona en la casa u otro lugar,Últimos 12 meses,,
3.5,3.5.01,PV_hogar_escuela,ESTANDAR,Últimos 12 meses,,
3.5,3.5.02,PV_VP_hogar_escuela,ESTANDAR,Últimos 12 meses,,
3.5,3.5.03,PV_VF_hogar_escuela,ESTANDAR,Últimos 12 meses,,
3.5,3.5.04,PV_VP_hogar_VF_escuela,ESTANDAR,Últimos 12 meses,,
3.5,3.5.05,PV_VF_hogar_VP_escuela,ESTANDAR,Últimos 12 meses,,
3.5,3.5.06,PV_VP_VF_hogar_escuela,ESTANDAR,Últimos 12 meses,,
3.5,3.5.07,PV_hogar_escuela1,ESTANDAR,Últimos 12 meses,,
3.5,3.5.08,PV_VP_VF_hogar_escuela_VS,ESTANDAR,Últimos 12 meses,,
3.5,3.5.09,PV_condicional_con_VS,Condicional,Últimos 12 meses,,
3.5,3.5.09,PV_condicional_escuela_dado_hogar,ESTANDAR,Últimos 12 meses,,
3.5,3.5.09,PV_condicional_escuela_sin_hogar,ESTANDAR,Últimos 12 meses,,
3.5,3.5.09,PV_condicional_hogar_dado_escuela,ESTANDAR,Últimos 12 meses,,
3.5,3.5.09,PV_condicional_hogar_sin_escuela,ESTANDAR,Últimos 12 meses,,
3.5,3.5.10,CONS_ALGUNA,ESTANDAR,Período no precisado,,
3.5,3.5.11,CONS_ATENCION_SALUD,ESTANDAR,Período no precisado,,
3.5,3.5.12,C3P243_1,ESTANDAR,Período no precisado,,
3.5,3.5.12,C3P243_2,ESTANDAR,Período no precisado,,
3.5,3.5.12,C3P243_3,ESTANDAR,Período no precisado,,
3.5,3.5.12,C3P243_4,ESTANDAR,Período no precisado,,
3.5,3.5.12,C3P243_5,ESTANDAR,Período no precisado,,
3.5,3.5.12,C3P243_6,ESTANDAR,Período no precisado,,
3.5,3.5.12,C3P243_T1,ESTANDAR,Período no precisado,,
3.5,3.5.12,C3P243_T2,ESTANDAR,Período no precisado,,
3.5,3.5.12,C3P243_T3,ESTANDAR,Período no precisado,,
3.5,3.5.12,C3P243_T4,ESTANDAR,Período no precisado,,
3.5,3.5.12,C3P243_T5,ESTANDAR,Período no precisado,,
3.5,3.5.12,C3P243_T6,ESTANDAR,Período no precisado,,
3.5,3.5.12,num_consecuencias_fisicas,ESTANDAR,Período no precisado,,
3.6,3.6.01,brecha_ayuda_hogar,ESTANDAR,Últimos 12 meses,Brecha de ayuda,
3.6,3.6.01,busco_ayuda_hogar,ESTANDAR,Últimos 12 meses,Buscó ayuda,
3.6,3.6.01,recibio_ayuda_hogar,ESTANDAR,Últimos 12 meses,Recibió ayuda,
3.6,3.6.01,recibio_ayuda_hogar_victimas,ESTANDAR,Últimos 12 meses,Recibió ayuda,
3.6,3.6.02,brecha_ayuda_escuela,ESTANDAR,Últimos 12 meses,Brecha de ayuda,
3.6,3.6.02,busco_ayuda_escuela,ESTANDAR,Últimos 12 meses,Buscó ayuda,
3.6,3.6.02,recibio_ayuda_escuela,ESTANDAR,Últimos 12 meses,Recibió ayuda,
3.6,3.6.02,recibio_ayuda_escuela_victimas,ESTANDAR,Últimos 12 meses,Recibió ayuda,
3.6,3.6.03,brecha_ayuda_vs,ESTANDAR,Últimos 12 meses,Brecha de ayuda,
3.6,3.6.03,busco_ayuda_vs,ESTANDAR,Últimos 12 meses,Buscó ayuda,
3.6,3.6.03,recibio_ayuda_vs,ESTANDAR,Últimos 12 meses,Recibió ayuda,
3.6,3.6.03,recibio_ayuda_vs_victimas,ESTANDAR,Últimos 12 meses,Recibió ayuda,
3.6,3.6.04,ayuda_hogar_abuela,ESTANDAR,Últimos 12 meses,,
3.6,3.6.04,ayuda_hogar_abuelo,ESTANDAR,Últimos 12 meses,,
3.6,3.6.04,ayuda_hogar_car,ESTANDAR,Últimos 12 meses,,
3.6,3.6.04,ayuda_hogar_escolar_adulto,ESTANDAR,Últimos 12 meses,,
3.6,3.6.04,ayuda_hogar_familiar,ESTANDAR,Últimos 12 meses,,
3.6,3.6.04,ayuda_hogar_hermana,ESTANDAR,Últimos 12 meses,,
3.6,3.6.04,ayuda_hogar_hermano,ESTANDAR,Últimos 12 meses,,
3.6,3.6.04,ayuda_hogar_madrastra,ESTANDAR,Últimos 12 meses,,
3.6,3.6.04,ayuda_hogar_madre,ESTANDAR,Últimos 12 meses,,
3.6,3.6.04,ayuda_hogar_otro,ESTANDAR,Últimos 12 meses,,
3.6,3.6.04,ayuda_hogar_otro_pariente,ESTANDAR,Últimos 12 meses,,
3.6,3.6.04,ayuda_hogar_padrastro,ESTANDAR,Últimos 12 meses,,
3.6,3.6.04,ayuda_hogar_padre,ESTANDAR,Últimos 12 meses,,
3.6,3.6.04,ayuda_hogar_pares_amigos,ESTANDAR,Últimos 12 meses,,
3.6,3.6.04,ayuda_hogar_tia,ESTANDAR,Últimos 12 meses,,
3.6,3.6.04,ayuda_hogar_tio,ESTANDAR,Últimos 12 meses,,
3.6,3.6.05,ayuda_escuela_abuela,ESTANDAR,Últimos 12 meses,,
3.6,3.6.05,ayuda_escuela_abuelo,ESTANDAR,Últimos 12 meses,,
3.6,3.6.05,ayuda_escuela_car,ESTANDAR,Últimos 12 meses,,
3.6,3.6.05,ayuda_escuela_escolar_adulto,ESTANDAR,Últimos 12 meses,,
3.6,3.6.05,ayuda_escuela_familiar,ESTANDAR,Últimos 12 meses,,
3.6,3.6.05,ayuda_escuela_hermana,ESTANDAR,Últimos 12 meses,,
3.6,3.6.05,ayuda_escuela_hermano,ESTANDAR,Últimos 12 meses,,
3.6,3.6.05,ayuda_escuela_madrastra,ESTANDAR,Últimos 12 meses,,
3.6,3.6.05,ayuda_escuela_madre,ESTANDAR,Últimos 12 meses,,
3.6,3.6.05,ayuda_escuela_otro,ESTANDAR,Últimos 12 meses,,
3.6,3.6.05,ayuda_escuela_otro_pariente,ESTANDAR,Últimos 12 meses,,
3.6,3.6.05,ayuda_escuela_padrastro,ESTANDAR,Últimos 12 meses,,
3.6,3.6.05,ayuda_escuela_padre,ESTANDAR,Últimos 12 meses,,
3.6,3.6.05,ayuda_escuela_pares_amigos,ESTANDAR,Últimos 12 meses,,
3.6,3.6.05,ayuda_escuela_tia,ESTANDAR,Últimos 12 meses,,
3.6,3.6.05,ayuda_escuela_tio,ESTANDAR,Últimos 12 meses,,
3.6,3.6.06,ayuda_vs_abuela,ESTANDAR,Últimos 12 meses,,
3.6,3.6.06,ayuda_vs_abuelo,ESTANDAR,Últimos 12 meses,,
3.6,3.6.06,ayuda_vs_car,ESTANDAR,Últimos 12 meses,,
3.6,3.6.06,ayuda_vs_escolar_adulto,ESTANDAR,Últimos 12 meses,,
3.6,3.6.06,ayuda_vs_especialista,ESTANDAR,Últimos 12 meses,,
3.6,3.6.06,ayuda_vs_familiar,ESTANDAR,Últimos 12 meses,,
3.6,3.6.06,ayuda_vs_hermana,ESTANDAR,Últimos 12 meses,,
3.6,3.6.06,ayuda_vs_hermano,ESTANDAR,Últimos 12 meses,,
3.6,3.6.06,ayuda_vs_madrastra,ESTANDAR,Últimos 12 meses,,
3.6,3.6.06,ayuda_vs_madre,ESTANDAR,Últimos 12 meses,,
3.6,3.6.06,ayuda_vs_otro,ESTANDAR,Últimos 12 meses,,
3.6,3.6.06,ayuda_vs_otro_pariente,ESTANDAR,Últimos 12 meses,,
3.6,3.6.06,ayuda_vs_padrastro,ESTANDAR,Últimos 12 meses,,
3.6,3.6.06,ayuda_vs_padre,ESTANDAR,Últimos 12 meses,,
3.6,3.6.06,ayuda_vs_pares_amigos,ESTANDAR,Últimos 12 meses,,
3.6,3.6.06,ayuda_vs_tia,ESTANDAR,Últimos 12 meses,,
3.6,3.6.06,ayuda_vs_tio,ESTANDAR,Últimos 12 meses,,
3.6,3.6.07,ayuda_escuela_aviso_docente,ESTANDAR,Últimos 12 meses,,
3.6,3.6.07,ayuda_escuela_consejo,ESTANDAR,Últimos 12 meses,,
3.6,3.6.07,ayuda_escuela_consuelo,ESTANDAR,Últimos 12 meses,,
3.6,3.6.07,ayuda_escuela_hablo_agresor,ESTANDAR,Últimos 12 meses,,
3.6,3.6.07,ayuda_escuela_hablo_director,ESTANDAR,Últimos 12 meses,,
3.6,3.6.07,ayuda_escuela_hablo_padres_agresor,ESTANDAR,Últimos 12 meses,,
3.6,3.6.07,ayuda_escuela_llamo_atencion,ESTANDAR,Últimos 12 meses,,
3.6,3.6.07,ayuda_escuela_otro_tipo,ESTANDAR,Últimos 12 meses,,
3.6,3.6.07,ayuda_hogar_consejo,ESTANDAR,Últimos 12 meses,,
3.6,3.6.07,ayuda_hogar_consuelo,ESTANDAR,Últimos 12 meses,,
3.6,3.6.07,ayuda_hogar_hablo_familia,ESTANDAR,Últimos 12 meses,,
3.6,3.6.07,ayuda_hogar_llamo_atencion,ESTANDAR,Últimos 12 meses,,
3.6,3.6.07,ayuda_hogar_otro_tipo,ESTANDAR,Últimos 12 meses,,
3.6,3.6.07,ayuda_hogar_respuesta_agresion,ESTANDAR,Últimos 12 meses,,
3.6,3.6.07,ayuda_inst_vs_hablo_familia,ESTANDAR,Últimos 12 meses,,
3.6,3.6.07,ayuda_inst_vs_llamo_atencion,ESTANDAR,Últimos 12 meses,,
3.6,3.6.07,ayuda_inst_vs_otro,ESTANDAR,Últimos 12 meses,,
3.6,3.6.07,ayuda_inst_vs_terapias,ESTANDAR,Últimos 12 meses,,
3.6,3.6.07,ayuda_vs_aviso_autoridades,ESTANDAR,Últimos 12 meses,,
3.6,3.6.07,ayuda_vs_consejo,ESTANDAR,Últimos 12 meses,,
3.6,3.6.07,ayuda_vs_hablo_madre_padre,ESTANDAR,Últimos 12 meses,,
3.6,3.6.07,ayuda_vs_otro_tipo,ESTANDAR,Últimos 12 meses,,
3.6,3.6.07,ayuda_vs_reclamo_agresor,ESTANDAR,Últimos 12 meses,,
3.6,3.6.07,ayuda_vs_refugio,ESTANDAR,Últimos 12 meses,,
3.6,3.6.08,C3P213,ESTANDAR,Últimos 12 meses,,
3.6,3.6.08,C3P240,ESTANDAR,Últimos 12 meses,,
3.6,3.6.08,C4P256,ESTANDAR,Últimos 12 meses,,
3.6,3.6.09,C3P215_1,ESTANDAR,Últimos 12 meses,,
3.6,3.6.09,C3P215_10,ESTANDAR,Últimos 12 meses,,
3.6,3.6.09,C3P215_11,ESTANDAR,Últimos 12 meses,,
3.6,3.6.09,C3P215_2,ESTANDAR,Últimos 12 meses,,
3.6,3.6.09,C3P215_3,ESTANDAR,Últimos 12 meses,,
3.6,3.6.09,C3P215_4,ESTANDAR,Últimos 12 meses,,
3.6,3.6.09,C3P215_5,ESTANDAR,Últimos 12 meses,,
3.6,3.6.09,C3P215_6,ESTANDAR,Últimos 12 meses,,
3.6,3.6.09,C3P215_7,ESTANDAR,Últimos 12 meses,,
3.6,3.6.09,C3P215_8,ESTANDAR,Últimos 12 meses,,
3.6,3.6.09,C3P215_9,ESTANDAR,Últimos 12 meses,,
3.6,3.6.09,C3P242_1,ESTANDAR,Últimos 12 meses,,
3.6,3.6.09,C3P242_10,ESTANDAR,Últimos 12 meses,,
3.6,3.6.09,C3P242_11,ESTANDAR,Últimos 12 meses,,
3.6,3.6.09,C3P242_12,ESTANDAR,Últimos 12 meses,,
3.6,3.6.09,C3P242_2,ESTANDAR,Últimos 12 meses,,
3.6,3.6.09,C3P242_3,ESTANDAR,Últimos 12 meses,,
3.6,3.6.09,C3P242_4,ESTANDAR,Últimos 12 meses,,
3.6,3.6.09,C3P242_5,ESTANDAR,Últimos 12 meses,,
3.6,3.6.09,C3P242_6,ESTANDAR,Últimos 12 meses,,
3.6,3.6.09,C3P242_7,ESTANDAR,Últimos 12 meses,,
3.6,3.6.09,C3P242_8,ESTANDAR,Últimos 12 meses,,
3.6,3.6.09,C3P242_9,ESTANDAR,Últimos 12 meses,,
3.6,3.6.09,apoyo_institucional_escuela,ESTANDAR,Últimos 12 meses,,
3.6,3.6.09,apoyo_institucional_hogar,ESTANDAR,Últimos 12 meses,,
3.6,3.6.09,brecha_institucional_escuela,ESTANDAR,Últimos 12 meses,,
3.6,3.6.09,brecha_institucional_hogar,ESTANDAR,Últimos 12 meses,,
3.6,3.6.10,C4P258_1,ESTANDAR,Últimos 12 meses,,
3.6,3.6.10,C4P258_10,ESTANDAR,Últimos 12 meses,,
3.6,3.6.10,C4P258_11,ESTANDAR,Últimos 12 meses,,
3.6,3.6.10,C4P258_12,ESTANDAR,Últimos 12 meses,,
3.6,3.6.10,C4P258_2,ESTANDAR,Últimos 12 meses,,
3.6,3.6.10,C4P258_3,ESTANDAR,Últimos 12 meses,,
3.6,3.6.10,C4P258_4,ESTANDAR,Últimos 12 meses,,
3.6,3.6.10,C4P258_5,ESTANDAR,Últimos 12 meses,,
3.6,3.6.10,C4P258_6,ESTANDAR,Últimos 12 meses,,
3.6,3.6.10,C4P258_7,ESTANDAR,Últimos 12 meses,,
3.6,3.6.10,C4P258_8,ESTANDAR,Últimos 12 meses,,
3.6,3.6.10,C4P258_9,ESTANDAR,Últimos 12 meses,,
3.6,3.6.10,apoyo_institucional_vs,ESTANDAR,Últimos 12 meses,,
3.6,3.6.10,brecha_institucional_vs,ESTANDAR,Últimos 12 meses,,
3.6,3.6.10,conoce_demuna,ESTANDAR,Período no precisado,,
3.6,3.6.10,recibio_ayuda_institucional_vs,ESTANDAR,Últimos 12 meses,,
3.6,3.6.10,uso_demuna,ESTANDAR,Alguna vez en la vida,,
